name,category,benefits
신한카드 The Classic+,"['바우처', '항공', '주유소', '커피전문점', '프리미엄', '쇼핑']","['쇼핑, 요식, 호텔 등 기프트옵션! ', '대한항공, 아시아나항공 마일리지 적립', 'GS칼텍스 리터당 40원 할인', '스타벅스 3,000원 할인!', '공항 라운지 무료 이용 서비스!', '제주JDC 면세점 8% 결제일 할인']"
NH농협 LCC UniMile 카드,"['포인트/캐시백', '통신', '교통', '프리미엄']","['저비용항공사 LCC UniMile적립국내외가맹점 이용시 UniMile적립', '생활 할인 서비스이동통신 자동이체 요금 3% 청구할인', '생활 할인 서비스택시요금 3% 청구할인', '국내외 공항라운지 서비스UnionPay 위탁수하물 서비스']"
LOCA Professional,"['포인트/캐시백', '납부 혜택', '바우처', '프리미엄']","['국내 모든 가맹점에서 1% 캐시백즉시·자동결제 시 추가 1% 캐시백', '이용금액에 따라 최대 10개월 나누기추가 수수료 없는 납부 혜택!', '롯데상품권카드 5만원 증정', 'Mastercard World']"
알뜰교통 신한카드,"['연회비지원', '교통', '할인점/슈퍼마켓', '커피전문점', '편의점', '자동차서비스', '종합병원/일반병원/치과병원/한의원/약국/기타의료']","['신규 고객 연회비 100% 캐시백!신규 회원이면 누구나 참여 가능!', '버스/지하철 이용액 결제일 10%할인택시 이용액 결제일 10%할인', '3대 할인점/슈퍼마켓 주말 이용액 10%할인', '스타벅스/커피빈 등 결제일 10%할인', '편의점 이용액 결제일 10%할인', '전기차 자동차 보험 가입 3만원 할인전기차 충전요금 최대 50% 할인전기차 하이패스 요금 10% 캐시백', '병원/약국 이용액 결제일 10% 할인']"
NH농협 올바른하나로(Hanaro) 카드,"['할인점/슈퍼마켓', '종합병원/일반병원/치과병원/한의원/약국/기타의료', '교통', '커피전문점', '편의점', '문화', '영화/공연', '레저', '프리미엄', '금융', '포인트/캐시백']","['농협판매장 이용시 5%NH포인트 적립', '전국 병의원 및 약국 최대 5% 할인', '교통 3% NH포인트적립', '베이커리/커피 3% NH포인트 적립', '편의점 3% NH포인트 적립', '온라인서점 3% NH포인트 적립', '영화/공연 예매 3% NH포인트 적립', '전국 주요 놀이공원 할인 ', '국제공항 라운지 무료이용', '전자금융 수수료 면제', 'OK Cashbag 제휴서비스']"
KB국민 그린카드(서울형),"['포인트/캐시백', '언제나할인', '교통', '쇼핑', '할인점/슈퍼마켓', '그린카드']","['에코머니 가맹점 최대 5% 적립지자체 문화, 레저 시설 무료입장탄소포인트제 및 에코마일리지제도친환경제품 구매를 통한 녹색소비', '국내외가맹점 적립한도없이 0.5%적립', '교통 이용 시 최대 20% 적립철도 업종 이용 시 최대 10% 적립', '에코마일리지제도 에너지절감 프로그램', '할인점/슈퍼마켓 이용 시 최대 3% 적립', '에코마일리지제도 에너지 절감 프로그램']"
LOCA Mobility 반띵 카드,"['연회비지원', '화장품', '쇼핑', '문화', '커피전문점', '교통']","['신규회원 연회비 100% 캐시백롯데카드 온라인 신청 특별 혜택', 'LOCA로 미용실도 반띵!미용실 가맹점 50% 결제일 할인', 'LOCA로 온라인쇼핑도 반띵!쿠팡 위메프 등 50% 결제일 할인LOCA로 멤버십도 반띵!쇼핑 멤버십 50% 결제일 할인', 'LOCA로 스트리밍도 반띵!넷플릭스,유튜브 등 50% 결제일할인', 'LOCA로 커피도 반띵!스타벅스 50% 결제일 할인', 'LOCA로 교통 반띵!버스, 지하철 50% 결제일 할인']"
KB국민 그린카드(전국형),"['포인트/캐시백', '언제나할인', '교통', '쇼핑', '할인점/슈퍼마켓', '그린카드']","['에코머니 가맹점 최대 5% 적립지자체 문화, 레저 시설 무료입장탄소포인트제 및 에코마일리지제도친환경제품 구매를 통한 녹색소비', '국내외가맹점 적립한도없이 0.5%적립', '교통 이용 시 최대 20% 적립철도 업종 이용 시 최대 10% 적립', '에코마일리지제도 에너지절감 프로그램', '할인점/슈퍼마켓 이용 시 최대 3% 적립', '탄소포인트제 에너지 절감 프로그램']"
기업은행 용인시민카드,"['레저', '할인점/슈퍼마켓', '주유소', '한식/일식/중식/양식', '커피전문점', '쇼핑', '영화/공연', '교통']","['에버랜드, 캐리비안베이, 한국민속촌용인 주요 놀이공원 50~60% 할인', '이마트, 홈플러스, 롯데마트, 농협주요 할인점/슈퍼마켓 5% 할인', '휘발유, 등유, 경유, LPG 포함전 주유소소 리터당 60원 할인', '주요 패밀리 레스토랑 20% 할인!불고기브라더스 20% 현장 할인!', '스타벅스, 커피빈, 카페베네 등주요 커피전문점 20%할인', '쿠팡, 티몬, 위메프 등온라인 쇼핑 20% 할인', 'CGV, 롯데시네마현장/온라인 영화/공연 예매 4천원 할인!', '용인시 경전철 포함!버스, 지하철 3% 할인']"
NU I&U,"['언제나할인', '주유소', '교통', '커피전문점']","['Simple 할인국내가맹점 0.7%~1% 청구할인Two-in-One 결제서비스할인서비스 유의사항실적 산정 방법 안내', 'Daily 할인주유소소 리터당 60~100원 청구할인', 'Daily 할인교통 10% 청구할인', 'Daily 할인스타벅스, 폴바셋 10% 청구할인']"
KB국민 Easy all 티타늄카드,"['연회비지원', '문화', '커피전문점', '쇼핑', '한식/일식/중식/양식', '주유소', '통신', '레저', '할인점/슈퍼마켓', '생활서비스', '종합병원/일반병원/치과병원/한의원/약국/기타의료', '교통', '화장품', '편의점', '영화/공연', '프리미엄', '교육']","['온라인신규신청 연회비 100% 캐시백홈페이지 내 신용카드 최초 발급 시', '넷플릭스·티빙 등 정기결제 10%할인', '스타벅스 등 커피 업종 10% 할인제과/아이스크림 업종 10% 할인', '해외 직구·면세점 3% 할인G마켓, 옥션 등 온라인쇼핑 5%할인쿠팡 등 소셜 커머스 5%할인패션/인테리어 업종 7%할인롯데백화점 등 백화점 7%할인마켓컬리 10%할인', '패스트푸드 업종 10%할인배달의민족 등 배달앱 10%할인레스토랑·뷔페 등 음식업종 3% 할인', 'SK·GS주유소소 및 충전소 5% 할인', 'SKT,KT 등 이동통신요금5%할인', '헬스, 요가 등 스포츠업종 7% 할인', '할인점/슈퍼마켓 업종 5% 할인', '생활서비스/공과금 3% 할인', '병/의원·약국 등 종합병원/일반병원/치과병원/한의원/약국/기타의료업종 3% 할인', '택시 업종 이용시 10% 할인교통(버스·지하철) 7% 할인', '올리브영 등 화장품 업종  7% 할인', 'CU·GS25 편의점 7% 할인', '영화/공연관 10% 할인', '국내공항 라운지 무료 이용인천공항·국내호텔 발레파킹 서비스', '학원 업종 및 독서실 업종 3% 할인']"
NU Biz,"['포인트/캐시백', '렌탈', '프리미엄', '금융']","['BASIC ? 0.5% 포인트 적립OWNER - 5% 포인트 적립캐시노트 고급형(유료) 정기결제서비스', 'OPERATION 5% 포인트적립', 'PREMIUM', 'PREMIUM무이자할부 서비스개인사업자  Win-Tax 서비스']"
현대카드X3 BOOST,"['결제대행(PG)', '포인트/캐시백', '언제나할인', '자동차서비스', '커피전문점']","['온라인 결제대행(PG) 5% 할인', '1만원 보너스 캐시백', '모든가맹점 실적별 1%~1.5%할인', '현대카드 플래티넘 서비스주말 무료주차', '현대카드 플래티넘 서비스커피전문점 건당 1,000원 청구할인']"
삼성카드 BIZ LEADERS,"['언제나할인', '쇼핑', '주유소', '할인점/슈퍼마켓', '금융', '생활서비스', '통신']","['국내외 가맹점 0.5% 결제일 할인', '온라인쇼핑몰 3% 결제일할인', '주유소 3% 결제일할인', '할인점 3% 결제일할인', '4대 사회보험·손해보험 10% 할인4대 사회보험 납부대행수수료 할인세무지원 서비스', '전기요금 10% 결제일할인', '이동통신·인터넷 10% 결제일할인']"
NH농협 올바른NEW HAVE+ 카드,"['포인트/캐시백', '쇼핑', '한식/일식/중식/양식', '할인점/슈퍼마켓', '문화', '통신', '교통', '커피전문점', '편의점', '프리미엄', '금융']","['기본적립: 0.7% NH포인트적립 스마트적립: 1.4/2.8%추가적립', '스마트적립 ①영역: 온라인쇼핑/배달앱스마트적립 ②영역: 오프라인쇼핑/잡화', '스마트적립 ①영역: 온라인쇼핑/배달앱', '스마트적립 ②영역: 오프라인쇼핑/잡화', '스마트적립 ③영역: 이동통신 / 구독', '스마트적립 ③영역: 이동통신 / 구독', '스마트적립 ④영역: 교통 / 택시', '스마트적립 ⑤영역: 커피/편의점', '스마트적립 ⑤영역: 커피/편의점', '국제 브랜드 프리미엄 서비스 제공', '농협 이체수수료 통합 월 10회 면제']"
CU·배달의민족 삼성카드 taptap,"['한식/일식/중식/양식', '편의점', '교통']","['배달의민족 2,000원 결제일할인음식점·주점 1,000원 결제일할인', 'CU 1,500원당 200원 할인', '교통 1,000원당 100원 할인']"
NH올원 쇼핑&TLC카드,"['렌탈', '레저', '커피전문점', '영화/공연']","['TLC 라이트할부 서비스TLC 라이트할부 할인서비스TLC 렌탈료 자동이체 할인서비스', '에버랜드,롯데월드,서울랜드 50%할인', '스타벅스, 이디야 10% 청구할인주요 베이커리/아이스크림 청구할인', 'CGV 1천원 청구할인']"
LOCA CLASSIC (로카 클래식),"['연회비지원', '쇼핑', '커피전문점', '한식/일식/중식/양식', '레저', '문화', '편의점', '할인점/슈퍼마켓', '주유소', '통신', '영화/공연', '교육', '육아', '종합병원/일반병원/치과병원/한의원/약국/기타의료', '화장품', '렌탈', '자동차서비스', '금융', '교통', '언제나할인']","['신규회원 연회비 100% 캐시백이벤트롯데카드 온라인신청 특별 혜택', '쇼핑 업종 최대 1% 결제일 할인', '커피/베이커리 최대 1% 결제일 할인', '한식/일식/중식/양식 업종 최대 1% 결제일 할인', '레저 업종 최대 1% 결제일 할인', '문화 업종 최대 1% 결제일 할인', '편의점 업종 최대 1% 결제일 할인', '할인점/슈퍼마켓 업종 최대 1% 결제일 할인', '주유소소 업종 최대 1% 결제일 할인', '이동통신 업종 최대 1% 결제일 할인', '영화/공연관 최대 1% 결제일 할인', '교육 업종 최대 1% 결제일 할인', '육아 업종 최대 1% 결제일 할인', '종합병원/일반병원/치과병원/한의원/약국/기타의료 업종 최대 1% 결제일 할인', '화장품 업종 최대 1% 결제일 할인', '렌탈 서비스 최대 1% 결제일 할인', '자동차서비스 서비스 최대 1% 결제일 할인', '금융 업종 최대 1% 결제일 할인', '교통 업종 최대 1% 결제일 할인', '국내외 가맹점에서 최대 1% 할인전월실적 없이 0.5% 할인은 기본!']"
NH농협 알뜰교통카드,"['교통', '레저', '쇼핑', '통신', '한식/일식/중식/양식', '주유소', '커피전문점', '편의점']","['버스/지하철/택시/철도 10%청구할인', '렌터카/카쉐어링 10% 청구할인스포츠 5% 청구할인', '오픈마켓 5% 청구할인H&B(화장품) 5% 청구할인', '이동통신요금 5% 청구할인', '배달앱 5% 청구할인', '전기차 충전 10% 청구할인', '커피전문점 10% 청구할인', '편의점 10% 청구할인']"
기업은행 참! 좋은 다이소카드,"['쇼핑', '화장품', '커피전문점', '영화/공연', '할인점/슈퍼마켓', '레저', '주유소', '편의점']","['다이소매장 30%할인쿠팡, 티몬, 위메프 20% 할인', '미용실 이용시, 20% 청구할인 주 편의점·올리브영 10%할인', '스타벅스, 커피빈, 할리스, 투썸 등주요 카페 20% 할인!', 'CGV, 롯데시네마 영화/공연 4,000원 할인!', '할인점/슈퍼마켓농협하나로클럽, 할인점/슈퍼마켓 5% 할인!', '레저', '휘발유, 등유, 경유, LPG 포함전 주유소소 리터당 40원 할인!', '편의점, 월 2회 10% 할인']"
쿠쿠 삼성카드,"['렌탈', '생활서비스', '통신']","['최대 1만 3천원 결제일 할인', '아파트생활서비스 1,000원 할인4대사회보험 1,000원할인', '이동통신 1,000원 할인인터넷/유선통신 1,000원할인']"
카드의정석 MILEAGE Asiana Club,"['프리미엄', '항공', '체크카드겸용', '레저']","['전 세계 공항라운지 무료 이용 서비스프리미엄 투어 서비스', 'Asiana Club 마일리지 적립', 'Two-in-one 결제서비스', '제주도 렌터카 24H 무료 제공']"
신한카드 Globus,"['언제나할인', '포인트/캐시백']","['해외 수수료 1.18% 할인', '마이신한포인트 최대 1.7% 적립']"
NH농협 올바른FLEX 카드,"['커피전문점', '문화', '한식/일식/중식/양식', '쇼핑', '교통', '통신', '영화/공연', '편의점', '결제대행(PG)', '프리미엄']","['스타벅스 50% 청구할인', '스트리밍 서비스 20% 청구할인', '배민, 요기요 10% 청구할인', '온라인쇼핑 5% 청구할인', '지하철, 버스 7% 청구할인', 'SKT/KT/LGU+ 7% 청구할인', 'CGV, 롯데시네마 30% 청구할인', 'CU, GS25 5% 청구할인', 'NH pay 결제건당 1천원 청구할인', '국제공항 라운지 무료이용']"
KB국민 톡톡Pay카드,"['연회비지원', '결제대행(PG)', '교통', '편의점', '커피전문점', '할인점/슈퍼마켓', '쇼핑', '한식/일식/중식/양식', '영화/공연', '교육', '화장품', '주유소', '종합병원/일반병원/치과병원/한의원/약국/기타의료', '레저']","['온라인신규신청 연회비 100% 캐시백홈페이지 내 신용카드 최초 발급 시', '온/오프라인 결제대행(PG) 최대40%할인', '버스, 지하철 이용시 10% 청구할인', 'GS25, CU 이용시10% 청구할인', '결제대행(PG) 사용시 카페 최대 40%할인', '결제대행(PG) 사용시 마트 최대 40%할인', '결제대행(PG) 사용시 쇼핑 최대 40%할인', '결제대행(PG) 사용시 한식/일식/중식/양식 최대 40%할인', '결제대행(PG) 사용시 영화/공연 최대 40%할인', '결제대행(PG) 사용시 학원 최대 40%할인', '결제대행(PG) 사용시 화장품 최대 40%할인', '결제대행(PG) 사용시 주유소 최대 40%할인', '결제대행(PG) 사용시 종합병원/일반병원/치과병원/한의원/약국/기타의료 최대 40%할인', '결제대행(PG) 사용시 레저 최대 40%할인']"
현대카드M3 BOOST,"['연회비지원', '포인트/캐시백', '영화/공연', '커피전문점', '자동차서비스', '하이패스', '주유소', '항공', '결제대행(PG)']","['신규회원 Welcome 이벤트', '제한없는 포인트 적립업종별실적별 0.5%~6%M포인트적립보너스 리워드 1만 M포인트 적립M포인트를 H-Coin으로 교환', '영화/공연 0.5%~6% M포인트적립', '커피전문점, 베이커리0.5%~6% M포인트적립현대카드 플래티넘 서비스플래티넘서비스제공기준', '현대카드 플래티넘서비스 주말 무료주차플래티넘서비스제공기준', '하이패스 이용금액 M포인트 적립', '주유소 특별적립', 'M포인트 항공 전환', '온라인 결제대행(PG) 서비스 5% 적립']"
삼성 iD MOVE 카드,"['연회비지원', '통신', '문화', '커피전문점', '편의점', '쇼핑', '레저', '교통']","['온라인신규회원 연회비 100% 캐시백(삼성개인신용카드 신규발급 시 제공)', '이통통신 10% 결제일할인', '스트리밍 10% 결제일할인', '커피전문점 10% 결제일할인', '편의점 10% 결제일할인', '해외 1.5% 결제일할인', '철도·항공 1.5% 결제일할인', '교통·택시 10% 결제일할인']"
미래에셋 현대카드 Diamond,"['포인트/캐시백', '금융', '바우처', '프리미엄', '쇼핑', '레저']","['업종별 최대 5% 스탁마일리지 적립연간 20만 스탁마일리지 스페셜 적립', '미래에셋증권 다이아몬드 등급 적용카이로스 멤버스 혜택 제공', '30만원 상당 바우처 제공(연1회)', '공항 라운지 무료 이용메탈 소재 카드 플레이트 제공', '면세점 최대 5% 특별적립백화점 최대 3% 특별적립프리미엄아울렛 최대 3% 특별적립', '특급호텔 최대 5% 특별적립여행/항공 최대 5% 특별적립골프장/골프연습장 최대 5% 특별적립']"
Mile 1.6 대한항공,"['항공', '커피전문점', '영화/공연']","['1,500원당 최대 1.8 마일 적립HANA Mile 사용HANA Mile 결제 대금 차감', '스타벅스 4천원 청구할인', 'CGV, 롯데시네마 4천원 청구할인']"
I-나눔카드(일반),"['언제나할인', '쇼핑', '한식/일식/중식/양식', '할인점/슈퍼마켓', '커피전문점', '편의점', '교통', '주유소', '통신', '반려동물', '문화']","['언제나 할인', 'LIVING 영역', 'LIVING 영역', 'LIVING 영역', 'LIVING 영역', 'LIVING 영역', 'LIVING 영역', 'LIVING 영역', 'LIVING 영역', 'LIVING 영역', 'MEMBERSHIP 영역']"
NH농협 올바른BAZIC+ 카드,"['언제나할인', '쇼핑', '주유소', '할인점/슈퍼마켓', '종합병원/일반병원/치과병원/한의원/약국/기타의료', '프리미엄']","['할인한도 없이 0.7~1.4% 할인', '온라인쇼핑 1.4~2.1% 청구할인', '주유소 1.4~2.1% 청구할인', '할인점/슈퍼마켓·백화점1.4~2.1%청구할인', '종합병원/일반병원/치과병원/한의원/약국/기타의료 1.4~2.1% 청구할인', '국제브랜드 프리미엄 서비스 제공']"
신한카드 Shopping,"['커피전문점', '주유소', '할인점/슈퍼마켓', '문화', '쇼핑', '화장품']","['커피전문점 10% 할인!', '4대 정유사 리터당 60원 할인!', '5대 마트 10% 할인!창고형 할인매장 10% 할인!', '온라인서점 10% 할인!', '5대 백화점 10% 할인!프리미엄 아울렛 10% 할인!홈쇼핑 10% 할인!소셜커머스 10% 할인!마켓컬리, 프레딧, 집반찬연구소 할인', '다이소, 올리브영 10% 할인']"
IBK 그린카드 v2,"['포인트/캐시백', '교통', '커피전문점', '쇼핑', '생활서비스', '영화/공연', '레저']","['국내 전 가맹점 0.2% ~ 1.0%', '버스, 지하철 10%~ 20% 적립', '커피 10% 할인', '온라인업종 5% 적립', '생활요금 5% 적립', '온라인 영화/공연 예매 2,000원 할인', '전국 지자체 공공시설 무료입장 또는 ']"
신한카드 EVerywhere,"['주유소', '문화', '통신', '편의점', '커피전문점', '자동차서비스']","['전기차 충전요금의 20%~30%캐시백', '디지털 구독 20% 캐시백', '이동통신 5% 캐시백', '편의점 5% 캐시백', '베이커리커?피전문점 5% 캐시백', '주차앱 5천원 캐시백']"
네이버웹툰 삼성 iD 카드,"['포인트/캐시백', '결제대행(PG)', '쇼핑', '커피전문점', '한식/일식/중식/양식']","['네이버디지털콘텐츠/네이버플러스멤버십50% 네이버페이 포인트 적립해외 1% 네이버페이 포인트 적립', '네이버페이로 결제 시국내가맹점 1% 네이버페이 포인트적립', '온라인쇼핑몰 5% 네이버페이포인트적립', '커피전문점 5% 네이버페이 포인트적립', '배달앱 5% 네이버페이 포인트 적립']"
신한카드 B.Big(삑),"['연회비지원', '교통', '편의점', '쇼핑', '영화/공연', '생활서비스', '통신', '커피전문점']","['신규 고객 연회비 100% 캐시백!신규 회원이면 누구나 참여 가능!', '버스, 지하철 일 최대 600원 할인택시, KTX 이용금액 10% 할인', '편의점 이용금액 5% 할인', '롯데·현대·신세계·갤러리아 5% 할인', 'CGV 영화/공연 할인CGV,메가박스 온라인 영화/공연예매 할인', '전기요금, 통신요금 5% 캐시백 제공', 'SKT,KT,LG 자동이체 5% 할인', '스타벅스/커피빈 등 카페 10% 할인']"
Flex카드 몽블랑 에디션,"['포인트/캐시백', '문화', '커피전문점', '쇼핑', '프리미엄', '통신', '할인점/슈퍼마켓', '편의점', '주유소', '한식/일식/중식/양식', '영화/공연', '레저', '종합병원/일반병원/치과병원/한의원/약국/기타의료', '화장품', '결제대행(PG)', '렌탈']","['국내외 가맹점 L포인트 0.5% 적립', '스트리밍 30% 결제일 할인문화업종 0.5% L.POINT 적립', '커피 50% 결제일 할인카페업종 0.5% L.POINT 적립', '롯데면세점 최대 15% 현장할인쇼핑업종 0.5% L.POINT 적립', 'Mastercard World', '통신업종 0.5% L.POINT 적립', '할인점/슈퍼마켓 0.5% L.POINT 적립', '편의점 0.5% L.POINT 적립', '주유소소 0.5% L.POINT 적립', '한식/일식/중식/양식업종 0.5% L.POINT 적립', '영화/공연관 0.5% L.POINT 적립', '레저업종 0.5% L.POINT 적립', '종합병원/일반병원/치과병원/한의원/약국/기타의료업종 0.5% L.POINT 적립', '화장품업종 0.5% L.POINT 적립', '결제대행(PG) 0.5% L.POINT 적립', '렌탈업종 0.5% L.POINT 적립']"
현대카드X BOOST,"['결제대행(PG)', '언제나할인']","['온라인 결제대행(PG)서비스이용시5%할인', '모든 가맹점 실적별 1%1.5%할인']"
신한카드 YOLOⓘ,"['연회비지원', '교통', '영화/공연', '편의점', '쇼핑', '커피전문점']","['신규 고객 연회비 100% 캐시백!신규 회원이면 누구나 참여 가능!', '택시 이용금액 최대 20% 할인혜택과 할인율을 내맘대로 선택!', 'CGV, 롯데시네마 최대 20% 할인혜택과 할인율을 내맘대로 선택!', 'CU·GS25·세븐일레븐 최대 20%혜택과 할인율을 내맘대로 선택!', '티몬·쿠팡 최대 20% 할인혜택과 할인율을 내맘대로 선택!', '스타벅스·커피빈 최대 20% 할인파리바게뜨·뚜레쥬르 최대 20% 할인']"
카드의정석 UNTACT AIR,"['통신', '생활서비스', '금융', '교육', '렌탈', '문화', '한식/일식/중식/양식', '커피전문점', '쇼핑', '결제대행(PG)']","['이동통신요금 정기결제 10% 청구할인', '도시가스요금 정기결제 10% 청구할인전기요금 정기결제 10% 청구할인', '4대 보험료 정기결제 10% 청구할인', '학습지 정기결제 10% 청구할인', '렌탈 정기결제 10% 청구할인', '문화 정기결제 20% 청구할인', '3대 배달어플 모아포인트 30% 적립', '스타벅스사이렌오더모아포인트 60%적립', '쿠팡 모아포인트 20% 적립쿠팡 로켓와우 멤버십 2900점 적립해외 가맹점 모아포인트 1% 적립 게임 정기결제 모아포인트 10% 적립', '온라인업종 결제대행(PG) 1,000점 적립']"
아메리칸 엑스프레스 리저브,"['바우처', '포인트/캐시백', '한식/일식/중식/양식', '커피전문점', '영화/공연']","['메탈 플레이트 무료 제공', '국내외가맹점 1% 멤버십리워즈 적립온라인쇼핑·해외 추가 4% 적립 ', '배달의민족·쉐이크쉑·써브웨이 등Food 영역 30% 할인', '스타벅스·커피빈·블루보틀 등Coffee 영역 30% 할인', 'CGV·넷플릭스·웨이브 등Movie 영역 30% 할인']"
KB국민 U+ 알뜰모바일카드,['통신'],"['최대 17,000원 할인!U+ 알뜰모바일 통신료']"
우리 국민행복카드 S2,"['국민행복카드', '종합병원/일반병원/치과병원/한의원/약국/기타의료', '쇼핑', '할인점/슈퍼마켓', '통신', '생활서비스', '렌탈', '문화', '교육', '레저']","['임신·출산·보육료 등 국가바우처 지원건강보험 임신/출산 진료비 지원청소년산모 임신·출산 종합병원/일반병원/치과병원/한의원/약국/기타의료비 지원보육료·유아학비 지원아이돌봄 지원사업사회서비스사업 8종 지원기저귀·조제분유 지원여성청소년 위생용품 바우처 지원에너지 바우처 지원', '병·의원,산후조리원,약국 7%청구할인', '온라인 쇼핑 이용금액 5% 청구할인백화점 이용금액 5% 청구할인해외가맹점 이용금액 1~2% 청구할인', '대형할인점 이용금액 5% 청구할인', '이동통신요금 5% 청구할인', '도시가스요금, 전기요금 5% 청구할인', '렌탈 이용금액 5% 청구할인', '영상 스트리밍 20% 청구할인음원 스트리밍 20% 청구할인전자도서 20% 청구할인', '어린이집, 유치원 7% 청구할인학습지 7% 청구할인학원, 서점 7% 청구할인', '프리미엄 투어서비스']"
KB국민 Our WE:SH 카드,"['연회비지원', '통신', '한식/일식/중식/양식', '쇼핑', '할인점/슈퍼마켓', '주유소', '영화/공연', '문화', '화장품', '레저', '자동차서비스', '커피전문점', '교육', '편의점', '종합병원/일반병원/치과병원/한의원/약국/기타의료']","['온라인신규신청 연회비 100% 캐시백홈페이지 내 신용카드 최초 발급 시', 'SKT등 이동통신요금 10%청구할인', '한식,중식,일식,양식업종 5%청구할인배달의민족 등 배달앱 5% 청구할인패스트푸드 업종 10%청구할인', '신세계백화점 등 백화점 5%청구할인', '롯데마트 등 할인점/슈퍼마켓 5% 청구할인롯데슈퍼 등 SSM 5% 청구할인', 'SK주유소소,SK충전소 5% 청구할인', 'CGV등 영화/공연관 10% 청구할인', '인터파크 등 온라인티켓 10%청구할인공연전시 업종 10% 청구할인서점 업종 5% 청구할인', '미용원 업종 5% 청구할인', '경기장 업종 10% 청구할인', '주차장 10% 청구할인', '스타벅스 등 카페 10%청구할인제과/아이스크림점 5%청구할인', '문리계,외국어 학원 등 10%청구할인독서실 10%청구할인', 'CU등 편의점 10% 청구할인', '약국 5% 청구할인종합/일반병원 등 10% 청구할인']"
현대카드 대한항공카드 030,"['항공', '프리미엄', '쇼핑', '문화', '결제대행(PG)']","['웰컴보너스 3천 마일 적립1천원당 1마일, 최대 2마일 적립', '항공/면세 1천원당 2마일 적립MasterCard 플래티넘서비스', '국내 면세점 1천원당 2마일 적립', '슈퍼콘서트 20% 할인현대카드 라이브러리 무료 입장', '단 한번의 클릭으로 온라인 결제 완료대한항공 결제대행(PG)/현대카드 앱카드']"
현대백화점 현대오일뱅크카드,['쇼핑'],['3개월 무이자 할부 제공5% 할인쿠폰 혜택 제공차량 이용시 2시간 무료주차권 제공']
신한카드 LABE,"['레저', '항공', '프리미엄', '한식/일식/중식/양식']","['골프 기프트 옵션 연 1회(택1)1. 국내 골프장/연습장 5만원 할인2. 골프존 17만원 모바일상품권3. 부쉬넬 골프 거리측정기 할인권골핑 10%할인/배송비 2500원할인골프 레슨 10% 할인', '대한항공/아시아나 기본 1마일 적립해외/골프 업종 최대 3마일 적립음식점/주유소소 최대 2마일 적립', '골프 커피or공항라운지 무료', '배달의민족·쿠팡이츠 10% 할인']"
신한카드 구독 좋아요,"['문화', '쇼핑', '통신', '생활서비스', '한식/일식/중식/양식', '편의점', '커피전문점', '화장품']","['디지털 구독 이용금액 100% 할인', '디지털 구독 이용금액 100% 할인생활서비스 10% 결제일 할인', '정기결제 자동이체 건별 1천원 할인', '정기결제 자동이체 건별 1천원 할인', '생활서비스 10% 결제일 할인', '생활서비스 10% 결제일 할인', '생활서비스 10% 결제일 할인', '생활서비스 10% 결제일 할인']"
트래블월렛 우리카드,"['연회비지원', '포인트/캐시백']","['온라인 신규 연회비 100% 캐시백', '트래블 포인트 적립 서비스트래블 포인트란?해외 이용 수수료 면제 서비스']"
챌린지 백 KB국민카드,"['쇼핑', '커피전문점', '편의점', '종합병원/일반병원/치과병원/한의원/약국/기타의료', '한식/일식/중식/양식', '주유소', '교육', '레저', '화장품', '포인트/캐시백']","['11번가 OK캐쉬백 최대11.1%적립', '커피 OK캐쉬백 최대5.1%적립', '편의점 OK캐쉬백 최대5.1%적립', '약국 OK캐쉬백 최대5.1%적립', '레스토랑 OK캐쉬백 최대5.1%적립패스트푸드 OK캐쉬백 최대5.1%적립', '주유소/충전 OK캐쉬백 최대5.1%적립', '학원 OK캐쉬백 최대5.1%적립', '골프 OK캐쉬백 최대5.1%적립', '미용실 OK캐쉬백 최대5.1%적립', '국내외가맹점 OK캐쉬백 0.1% 적립']"
삼성 iD PET 카드,"['연회비지원', '쇼핑', '결제대행(PG)', '금융', '문화', '편의점', '커피전문점', '언제나할인', '반려동물']","['온라인신규회원 연회비 100% 캐시백(삼성개인신용카드 신규발급 시 제공)', '반려동물쇼핑몰 30% 할인', '온라인 결제대행(PG) 5% 할인', '손해보험 10% 할인', '스트리밍 10% 할인', '편의점 1,000원 할인', '커피전문점 1,000원 할인', '해외 1.5% 할인', '동물병원 30% 할인']"
KB국민 쿠쿠렌탈Ⅱ카드,['렌탈'],['쿠쿠 렌탈료 월 최대 1만7천원 할인']
NH농협 올바른NEW HAVE 카드,"['포인트/캐시백', '쇼핑', '한식/일식/중식/양식', '할인점/슈퍼마켓', '문화', '통신', '커피전문점', '교통', '편의점', '프리미엄', '금융']","['기본적립: 0.7% NH포인트적립 스마트적립: 0.7/1.4%추가적립', '스마트적립 ①영역: 온라인쇼핑/배달앱스마트적립 ②영역: 오프라인쇼핑/잡화', '스마트적립 ①영역: 온라인쇼핑/배달앱', '스마트적립 ②영역: 오프라인쇼핑/잡화', '스마트적립 ③영역: 이동통신 / 구독', '스마트적립 ③영역: 이동통신 / 구독', '스마트적립 ⑤영역: 커피/편의점', '스마트적립 ④영역: 교통 / 택시', '스마트적립 ⑤영역: 커피/편의점', '국제공항 라운지 무료이용', '농협 이체수수료 통합 월 10회 면제']"
알뜰교통플러스 삼성카드,"['교통', '문화', '통신', '커피전문점', '언제나할인', '레저', '연회비지원']","['교통 10% 결제일 할인', '디지털콘텐츠 정기결제시 5%결제일할인', '이동통신 정기결제 시 5% 결제일할인', '커피전문점 15% 결제일할인', '해외 1% 결제일 할인', '항공, 철도 1% 결제일할인', '온라인신규회원 연회비 100% 캐시백(삼성개인신용카드 신규발급 시 제공)']"
삼성카앤모아카드,"['주유소', '자동차서비스', '영화/공연', '커피전문점']","['모든주유소소 리터당 60원 할인주유소포인트 0.2%·0.4% 적립', '엔진오일 교환시 1만5천원 현장할인프라이버시콜(안심주차번호서비스) 무료', 'CGV 동반 1인 50% 현장할인', '스타벅스 1,000원 결제일할인']"
신한카드 Deep Taking,"['연회비지원', '포인트/캐시백', '한식/일식/중식/양식', '통신', '편의점', '주유소', '커피전문점', '쇼핑', '교육', '종합병원/일반병원/치과병원/한의원/약국/기타의료', '프리미엄', '교통', '레저']","['신규 고객 연회비 100% 캐시백!신규 회원이면 누구나 참여 가능!', '잘쓰는 혜택에 맞춰 최대 10% 적립쇼핑,여행,푸드,생활 영역 모든 적립', '요기요·배달의민족 2% 적립 가능', '통신사 자동이체 2% 포인트 적립가능', 'GS25,CU 2% 포인트 적립 가능', '주유소소·충전소 2% 포인트 적립 가능', '스타벅스·커피빈 등 2% 적립 가능베이커리 2% 포인트 적립 가능', '주요 백화점 2% 적립 가능할인점/슈퍼마켓 2% 적립 가능홈쇼핑 2% 포인트 적립 가능G마켓·옥션·11번가 2% 적립 가능소셜커머스 2% 적립 가능패션& 화장품 2% 적립 가능', '학원·학습지 업종 2% 적립 가능', '병원·동물병원 2% 포인트 적립가능', '면세점 2% 포인트 적립가능', '버스·지하철 2% 적립 가능', '항공권 결제 2% 포인트 적립 가능해외 일시불 결제 2% 적립 가능']"
롯데카드 텔로 SE,"['통신', '납부 혜택']","['SKT 통신비 최대 1만3천원 할인', 'SKT 제품 최대 36개월 할부SKT 매장에서 SKT 제품 구매 시']"
삼성 iD ALL 카드,"['연회비지원', '할인점/슈퍼마켓', '주유소', '통신', '생활서비스', '언제나할인', '쇼핑']","['온라인신규회원 연회비 100% 캐시백(삼성개인신용카드 신규발급 시 제공)', '백화점·할인점·슈퍼마켓 중많이 쓰는 영역 5% 자동맞춤 할인', '주유소 2.5% 결제일할인', '이동통신 2.5% 결제일할인', '아파트 생활서비스 2.5% 결제일할인', '국내외 가맹점 0.5% 결제일할인', '백화점·할인점·슈퍼마켓 중많이 쓰는 영역 5% 자동맞춤 할인']"
신한카드 My TeenS,['편의점'],['GS POP 서비스기프티콘 서비스']
신한카드 Deep Store,"['연회비지원', '쇼핑', '할인점/슈퍼마켓', '포인트/캐시백', '영화/공연', '커피전문점']","['신규 고객 연회비 100% 캐시백!신규 회원이면 누구나 참여 가능!', '생활쇼핑 최대 15% 할인', '3대 할인점 주말 10% 할인복합쇼핑몰 주말 10% 할인 ', '해외거래시 서비스수수료 0.18%적립', '주말 롯데시네마 5천원 할인 ', '커피전문점/제과점 업종 10%할인']"
요기요 삼성카드,"['한식/일식/중식/양식', '커피전문점', '편의점', '쇼핑', '문화']","['요기요 최대 10% 결제일할인', '커피전문점 5% 결제일할인', '편의점 5% 결제일할인', '생활잡화 5% 결제일할인', '스트리밍 10% 결제일할인']"
NH농협 온플래티늄(ON Platinum)카드(포인트),"['포인트/캐시백', '쇼핑', '커피전문점', '문화', '한식/일식/중식/양식', '레저', '프리미엄']","['기본적립: 0.8% NH포인트 적립더블적립: 1.6% NH포인트 적립보너스 포인트 적립', '더블적립: 온/오프라인 쇼핑 1.6% NH포인트 적립', '더블적립: 스타벅스1.6% NH포인트 적립', '더블적립: 구독서비스1.6% NH포인트 적립', '더블적립: 배달의 민족1.6% NH포인트 적립', '더블적립: 골프장1.6% NH포인트 적립', '전 세계 공항 라운지 무료 이용국제 브랜드 프리미엄 서비스 제공']"
신세계 신한카드,"['쇼핑', '포인트/캐시백', '커피전문점', '할인점/슈퍼마켓', '주유소', '문화', '영화/공연', '레저', '교통']","['신세계백화점 5% 결제일 할인이마트 5% 결제일 할인', '해외 이용금액 5% 캐시백', '커피숍 5% 결제일 할인', '이마트 5% 결제일 할인', 'GS칼텍스,S-Oil 5% 결제일할인', '온라인서점 5% 결제일 할인', '신세계 입점영화/공연관 주말 3천원 할인', '롯데월드, 서울랜드 자유이용권 할인', '교통(버스,지하철) 요금 3%할인고속철도(SRT) 3% 청구할인']"
삼성카드 스페셜마일리지,"['항공', '한식/일식/중식/양식', '프리미엄', '할인점/슈퍼마켓', '주유소', '커피전문점']","['모든가맹점 1천원당 1마일 적립할인점 1천원당 2마일 적립주유소·커피 1천원당 2마일 적립', '아웃백스테이크하우스 3만원 결제일할인', '인천공항 마티나라운지 무료인천공항 발렛파킹 무료면세점·호텔·스파 등 아멕스 서비스', '이마트·홈플러스 등 할인점1천원당 스카이패스 2마일리지 적립', 'S-OIL·GS칼텍스·SK에너지 등1천원당 스카이패스 2마일리지 적립', '스타벅스·투썸플레이스·커피빈 등1천원당 스카이패스 2마일리지 적립']"
zgm.고향으로카드,['포인트/캐시백'],['기본 서비스 : 국내·외 0.7%적립우대 서비스 : 기부지역 1.7%적립']
미래에셋 현대카드 Silver,"['포인트/캐시백', '금융', '쇼핑', '커피전문점', '한식/일식/중식/양식', '편의점', '문화']","['적립한도 없이 업종별 최대 2% 적립', '미래에셋증권 실버 등급 적용', '온라인 쇼핑 최대 2% 특별적립', '커피전문점 최대 2% 특별적립', '배달 앱 최대 2% 특별적립', '편의점 최대 2% 특별적립', '디지털 콘텐츠 최대 2% 특별적립']"
NH농협 올바른Edu카드,"['교육', '쇼핑', '커피전문점', '영화/공연', '교통', '편의점', '문화', '통신', '화장품', '프리미엄', '금융']","['유치원, 학원, 학습지 5% 청구할인교육비 자동납부 시 2천원 청구할인', '온라인쇼핑몰 0.5~1% 청구할인', '커피전문점 0.5~1% 청구할인', '영화/공연 0.5~1% 청구할인', '교통 0.5~1% 청구할인', '편의점 0.5~1% 청구할인', '온라인 도서 0.5~1% 청구할인', '통신비 0.5~1% 청구할인', '올리브영 0.5~1% 청구할인', '국제 브랜드 프리미엄 서비스 제공', '전자금융 수수료 면제']"
the Green Edition2,"['연회비지원', '바우처', '포인트/캐시백', '프리미엄', '주유소']","['연회비 100% 상당의 혜택 제공', 'the Green 전용 M포인트', '국내외 가맹점 1~2% M포인트 적립영역별 5% M포인트 적립M포인트 사용※유의사항', '보너스 리워드 제공메탈 소재 카드 플레이트 제공무료 발레파킹 서비스 제공', '\u3000']"
신한카드 Edu,"['교육', '종합병원/일반병원/치과병원/한의원/약국/기타의료', '할인점/슈퍼마켓', '생활서비스']","['교육 업종 이용시 5~10% 캐시백!결제건수에 따라 3~5천원 추가할인!', '종합병원/일반병원/치과병원/한의원/약국/기타의료 업종 이용시 1% 할인!', '주요 3대 마트 이용시 1% 할인!', '교육비 연계 아파트 생활서비스 할인!']"
NH올원 Rental&코웨이카드,"['렌탈', '레저']","['매월 코웨이 렌탈료1~3만원 청구할인', '전국 주요 놀이공원 할인']"
하나 스카이패스 아멕스 플래티늄,"['항공', '프리미엄']","['이용금액 1,000원당 1 마일 적립', '인천공항 라운지 이용 시 무료']"
신한카드 Deep Oil,"['연회비지원', '주유소', '자동차서비스', '커피전문점', '교통', '영화/공연', '편의점']","['신규 고객 연회비 100% 캐시백!신규 회원이면 누구나 참여 가능!', '주유소서비스 10% 결제일 할인', '전국 모든 주차장 10% 할인스피드메이트 10% 할인', '스타벅스, 이디야 5% 할인', '택시 이용금액 5% 할인', '롯데시네마 영화/공연예매 5,000원 할인', 'GS25, CU  5% 할인']"
메리어트 본보이™ 더 베스트 신한카드,"['프리미엄', '포인트/캐시백']","['1박 무료 숙박권 제공 (연 1회)메리어트 본보이™ 엘리트 멤버십 제공엘리트 숙박 크레딧 10개 제공국내 메리어트 참여 호텔 조식 할인공항 라운지 무료 이용 (연 4회)', '메리어트 본보이™ 포인트 적립 서비스특별 적립 및 일반 적립메리어트 본보이™ 보너스 포인트 제공']"
신한카드 B.Big(마이펫 스노우볼),"['교통', '쇼핑', '편의점', '커피전문점', '영화/공연', '생활서비스', '통신']","['버스, 지하철 일 최대 600원 할인택시, KTX 이용금액 10% 할인', '롯데·현대·신세계·갤러리아 5% 할인', '편의점 이용금액 5% 할인', '스타벅스/커피빈 등 카페 10% 할인', 'CGV 영화/공연 할인CGV,메가박스 온라인 영화/공연예매 할인', '전기요금, 통신요금 5% 캐시백 제공', 'SKT,KT,LG 자동이체 5% 할인']"
트래블로그 신용카드,"['포인트/캐시백', '결제대행(PG)', '항공']","['국내외 전 가맹점 1.0% 적립면세 가맹점 3% 하나머니 적립!여행 가맹점 3% 하나머니 적립!해외 전 가맹점 3% 하나머니 적립', '결제대행(PG) 1.0% 하나머니 적립', '항공 가맹점 3% 하나머니 적립!']"
New PAYCO 롯데카드,"['결제대행(PG)', '포인트/캐시백']","['PAYCO 가맹점에서PAYCO로 결제 시 최대 3%', '국내외 온오프라인 가맹점에서일반결제 시 최대 0.7%']"
아시아나 신한카드 Air 1.5,"['연회비지원', '항공']","['신규 고객 연회비 100% 캐시백!신규 회원이면 누구나 참여 가능!', '국내외 1천원당 1.5 마일리지 적립해외 이용금액은 2배로 더블적립!']"
현대카드 대한항공카드 the First,"['항공', '프리미엄', '쇼핑', '자동차서비스', '문화', '커피전문점', '결제대행(PG)', '레저', '바우처']","['웰컴보너스 1만 5천, 바우처 별도1천원당 1마일, 최대 5마일 적립해외/면세 1천원당 3마일 적립호텔/백화점/골프 1천원당 3마일적립항공/기내면세 1천원당 5마일 적립', 'MasterCard 프리미엄서비스항공권 최대 10만원 할인기내면세 최대 2만원 할인마티나 골드/해외 라운지 무료 이용스페셜 바우처공항/호텔 발레파킹 무료 이용특수 소재 플레이트 발급골프장 1천원당 3마일 적립', '백화점/면세점 1천원당 3마일 적립', '서울 및 대도시 주말 무료 주차', '슈퍼콘서트 20% 할인현대카드 라이브러리 무료 입장', '커피전문점 스타벅스, 폴바셋, 이디야결제 건당 500원 할인', '단 한번의 클릭으로 온라인 결제 완료대한항공 결제대행(PG)/현대카드 앱카드', '골프장 1천원당 2마일 적립', '마일리지/항공권/면세점/스페셜 바우처']"
KB국민 Liiv M Ⅱ카드,['통신'],['리브M 통신요금 최대 1만7천원 할인']
기업은행 BLISS.5 카드,"['프리미엄', '바우처', '항공', 'Priority Pass']","['premium 서비스', '한식/일식/중식/양식, 쇼핑, 포인트 등 바우처(Voucher) 서비스', '대한항공 마일리지(택1)BC카드 TOP포인트(택1)', 'Priority Pass Card']"
KB국민 Easy on카드,"['연회비지원', '레저', '한식/일식/중식/양식', '쇼핑', '커피전문점', '편의점', '문화', '교통', '통신']","['온라인신규신청 연회비 100% 캐시백홈페이지 내 신용카드 최초 발급 시', '야놀자·여기어때·데일리호텔 5% 할인', '배달의민족 5% 할인 한식/일식/중식/양식업종 5% 할인', 'G마켓·옥션·11번가 최대 10%할인쿠팡·티몬·위메프 5% 할인롯데·현대·신세계백화점 5% 할인마켓컬리 5% 할인', '스타벅스·커피빈 5% 할인제과·아이스크림 업종 5% 할인', ' GS25·CU 5%할인', '멜론·지니 5% 할인', '버스·지하철 5% 할인', 'SKT·KT·LGU+ 5% 할인']"
인플카 현대카드,"['한식/일식/중식/양식', '편의점', '교통', '통신']","['배달의 민족ㆍ요기요ㆍ쿠팡이츠10% M포인트 적립', 'CU·GS25·세븐일레븐·이마트24편의점 10% M포인트 적립', '시내버스·지하철·택시요금10% M포인트 적립', '통신요금 정기 결제 시10% M포인트 적립']"
삼성 iD EV 카드,"['주유소', '자동차서비스', '하이패스', '금융', '한식/일식/중식/양식', '문화', '언제나할인']","['전기차 충전요금 최대 70% 할인전기차 충전요금 월 최대 3만원 할인', '주차장·대리운전 10% 결제일할인', '하이패스 10% 결제일할인', '현대해상다이렉트자동차보험 3만원 할인', '배달앱 10% 결제일할인', '스트리밍 20% 결제일할인', '해외 1% 결제일할인']"
국민행복 삼성카드 V2,"['국민행복카드', '쇼핑', '종합병원/일반병원/치과병원/한의원/약국/기타의료', '교육', '주유소', '생활서비스', '통신', '렌탈', '금융', '문화']","['임신·출산진료비 지원 국가바우처', '백화점·할인점·온라인쇼핑몰 등쇼핑 7% 할인해외 1.5% 할인신세계백화점 제휴 서비스', '산후조리원 7% 할인', '학원·학습지·온라인서점어린이집·유치원 7% 할인', '주유소 7% 할인', '아파트 생활서비스·도시가스요금·전기요금자동납부 연결 시 7% 할인', '통신 자동납부 연결시 7% 할인', '렌탈 자동납부 연결시 7% 할인', '보험 자동납부 연결시 7% 할인', '스트리밍 3,000원 할인']"
IBK기업 I-어디로든 그린카드,"['포인트/캐시백', '교통', '커피전문점']","['에코머니 포인트 적립', '버스, 지하철 10% 적립', '주요 커피전문점 10% 적립']"
KB국민 가온글로벌카드,"['포인트/캐시백', '쇼핑', '프리미엄']","['국내가맹점 0.3% 기본적립해외가맹점 최대 3% 적립', '국내 쇼핑 0.7% 추가 적립', '여행 특화 영역 0.7% 추가 적립']"
LOCA LIKIT 1.2,"['연회비지원', '언제나할인', '커피전문점', '쇼핑', '화장품', '편의점', '주유소', '한식/일식/중식/양식', '영화/공연', '통신', '교육', '육아', '레저', '문화', '종합병원/일반병원/치과병원/한의원/약국/기타의료', '결제대행(PG)', '렌탈', '할인점/슈퍼마켓']","['신규회원 연회비 100% 캐시백이벤트롯데카드 온라인신청 특별 혜택', '국내외 가맹점 1.2% 결제일 할인온라인 결제는 1.5% 결제일 할인', '커피전문점 업종 1.2% 결제일온라인 결제 시 1.5% 결제일 할인', '쇼핑 업종 1.2% 결제일 할인온라인 결제 시 1.5% 결제일 할인', '화장품 업종 1.2% 결제일 할인온라인 결제 시 1.5% 결제일 할인', '편의점 1.2% 결제일 할인', '주유소소 1.2% 결제일 할인', '한식/일식/중식/양식 업종 1.2% 결제일 할인온라인 결제 시 1.5% 결제일 할인', '영화/공연관 1.2% 결제일 할인온라인 결제 시 1.5% 결제일 할인', '이동통신 업종 1.2% 결제일 할인온라인 결제 시 1.5% 결제일 할인', '교육비 1.2% 결제일 할인온라인 결제 시 1.5% 결제일 할인', '육아 업종 1.2% 결제일 할인온라인 결제 시 1.5% 결제일 할인', '레저 업종 1.2% 결제일 할인온라인 결제 시 1.5% 결제일 할인', '문화 업종 1.2% 결제일 할인온라인 결제 시 1.5% 결제일 할인', '종합병원/일반병원/치과병원/한의원/약국/기타의료 업종 1.2% 결제일 할인', '결제대행(PG) 1.2% 결제일 할인온라인 결제 시 1.5% 결제일 할인', '렌탈 업종 1.2% 결제일 할인온라인 결제 시 1.5% 결제일 할인', '할인점/슈퍼마켓 1.2% 결제일 할인온라인 결제 시 1.5% 결제일 할인']"
KB국민 CLiP카드,['통신'],"['매월 최대 1만7천원 할인통신요금(휴대폰,인터넷,IPTV 등)']"
엠베스트 엘리하이 삼성카드,"['교육', '생활서비스', '통신', '금융']","['메가스터디교육 월 최대 12천원 할인', '아파트생활서비스 등 생활요금 결제일할인', '이동통신 등 생활요금 결제일할인', '보험 등 생활요금 결제일할인']"
zgm.streaming카드,"['쇼핑', '문화', '커피전문점', '결제대행(PG)']","['멤버십 이용요금 7천원 청구할인', '스트리밍 이용요금 50% 청구할인', '스타벅스 사이렌오더 50% 청구 할인', '온라인 결제대행(PG) 5% 청구 할인']"
디지로카 Paris,"['연회비지원', '언제나할인', '쇼핑', '결제대행(PG)']","['신규회원 연회비 100% 캐시백이벤트롯데카드 첫 발급 고객 혜택!', '국내외 가맹점에서 0.7% 할인실적·한도 없이 혜택 제공', '온라인 쇼핑 최대 5% 결제일 할인', '네이버페이 최대 5% 결제일 할인']"
T-Premium KB국민카드,['통신'],"['최대 21,000원 할인SKT 통신요금']"
zgm.play++카드,"['쇼핑', '문화', '통신', '레저', '교통', '영화/공연', '커피전문점', '한식/일식/중식/양식', '화장품', '편의점', '바우처', '프리미엄']","['인앱결제 10% 청구할인올리브영 5% 청구할인쿠팡, 티몬 5% 청구할인', 'PC게임 충전 결제 10% 청구할인PC게임방 10% 청구할인온라인서점 5% 청구할인오프라인서점 5% 청구할인', '이동통신요금 10% 청구할인', '피트니스업종 10% 청구할인놀이공원 현장할인', '교통 10% 청구할인', 'CGV,롯데시네마,메가박스 청구할인', '스타벅스,투썸플레이스,커피빈 청구할인', '패스트푸드업종 20% 청구할인', '미용실 5% 청구할인', 'CU/GS25 5% 청구할인', '워터파크 2인 입장교환권 제공', '전 세계 공항라운지 무료 이용']"
KB국민 탄탄대로 온리유 티타늄카드,"['프리미엄', '주유소', '금융', '자동차서비스', '통신', '영화/공연', '레저', '결제대행(PG)']","['인천공항 마티나, skyhub 라운지인천공항 발레파킹 무료 서비스 제공', '리터당 최대 200점 포인트리 적립전국 SK, GS칼텍스(충전소 포함)', '다이렉트 자동차보험 1만원 청구할인삼성화재, DB손해보험, 현대해상 등', '기타 차량서비스 업종 10% 적립차량정비,부품,인테리어,주차장,세차장', '자동납부 시 10% 적립SKT, KT, LG U+ 통신비', '3,500원 청구 할인인터파크 영화/공연 예매 시 ', '이용 시 최대 50% 현장할인롯데월드, 에버랜드, 캐리비안베이', '이용 시 10% 적립KB Pay 내 플러스 O2O']"
taptap DIGITAL,"['연회비지원', '문화', '편의점', '화장품', '쇼핑', '결제대행(PG)']","['온라인신규회원 연회비 100% 캐시백(삼성개인신용카드 신규발급 시 제공)', '넷플릭스 웨이브 티빙 멜론 왓챠 등스트리밍 50% 결제일할인', '편의점 10% 결제일할인', '올리브영 롭스 랄라블라 등헬스&화장품 10% 결제일할인', '해외 1.5% 결제일할인다이소 10% 결제일할인', '삼성페이 네이버페이 카카오페이 등온라인 결제대행(PG) 5% 결제일할인']"
KB국민 스카이패스 티타늄카드,"['항공', '쇼핑', '프리미엄']","['국내외 가맹점 1천원당 1마일 적립해외 이용 1천원당 1마일 추가 적립', '면세점이용 1천원당 1마일 추가적립', '인천공항 라운지 무료이용인천공항, 국내호텔 발레파킹 서비스']"
신한카드 Unboxing,"['연회비지원', '쇼핑', '할인점/슈퍼마켓', '편의점', '커피전문점']","['신규 고객 연회비 100% 캐시백!신규 회원이면 누구나 참여 가능!', '쇼핑 10% 캐시백 서비스언박싱 스페셜 할인 서비스', '이마트, 홈플러스, 롯데마트할인점/슈퍼마켓 이용금액 10% 현금 캐시백', 'CU, GS25, 세븐일레븐 편의점 이용금액 10% 현금 캐시백', '카페노티드 10% 캐시백 서비스']"
KB국민 굿데이카드,"['주유소', '통신', '교통', '한식/일식/중식/양식', '종합병원/일반병원/치과병원/한의원/약국/기타의료', '교육', '커피전문점', '편의점', '레저']","['주유소소 및 충전소 리터당 60원 할인', '전화·인터넷·케이블TV 10% 할인', '버스, 지하철, 택시 10% 할인', '음식점, 레스토랑, 주점 10% 할인', '약국 업종 이용시 10% 할인', '학원부터 독서실 업종까지 10% 할인', '스타벅스,커피빈 등 카페 10% 할인', 'CU, GS25 등 편의점 10%할인', '종합스포츠센터, 헬스장 10% 할인']"
KB국민 BeV V카드(스카이패스형),"['항공', '프리미엄', '바우처', '쇼핑', '문화', '금융', '레저']","['1500원당 스카이패스 최대3마일적립', '마스터카드공항라운지 무료이용 서비스UPI카드 국내외 공항라운지 서비스인천공항 발레파킹 서비스국내 호텔 발레파킹 서비스롯데호텔 객실 20~30% 할인롯데호텔 F&B(식음료) 10% 할인', '프리미엄 쿠폰서비스(택1)국내여행/숙박 최대25만원 할인서비스호텔 뷔페 이용권 25만원 제공서비스롯데백화점 상품권 22만원 제공서비스KB국민카드 포인트리 22만점 제공', '랭킹닭컴 배송완료시 포인트6배 적립유어버스데이 꽃배달 20%할인서비스', '롯데백화점 문화센터 30% 현장할인도서 요약본 프리미엄 서비스내셔널지오그래픽트래블러 정기구독 할인', 'KB국민은행 수수료 감면, 면제서비스문자알림(SMS) 서비스 무료제공', '해외여행상품 최대5% 현장할인제주 자연 렌트카 이용요금 현장할인비전힐스 PAR3 주중 현장 할인아고다 국내외호텔 예약시 12%할인국내, 해외 렌터카 할인국내외 투어 상품 할인 쿠폰 서비스제주도 여행상품 할인 및 특전 제공프리미엄 수행기사 서비스 특전 제공제주도, 해외 골프 특전 제공']"
나무 NH농협카드,"['포인트/캐시백', '프리미엄']","['나무증권 스마트 캐시백나무멤버스 월 이용료 캐시백', '국제공항 라운지 무료이용']"
Mile1 하나카드,"['포인트/캐시백', '프리미엄']","['1500원당 45 UniMile 적립', '인천공항 라운지 무료 입장 서비스위탁수하물 서비스UPI 플래티늄 서비스']"
NH1961카드,"['포인트/캐시백', '쇼핑', '문화', '한식/일식/중식/양식', '프리미엄']","['이용가맹점 0.7~0.9% 포인트적립', '온라인쇼핑 멤버십 이용료 50% 적립', '스트리밍 20% NH포인트 적립', '배달앱 10% 적립', '국제공항 라운지 무료이용']"
NH농협 콕카드,"['교통', '커피전문점', '쇼핑', '주유소', '통신', '할인점/슈퍼마켓', '종합병원/일반병원/치과병원/한의원/약국/기타의료']","['B - 도시형 카드 혜택버스,지하철등 교통 10%청구할인', 'B - 도시형 카드 혜택주요 커피전문점 10% 청구할인', 'B - 도시형 카드 혜택', 'A - 농촌형 카드 혜택주유소소 10% 청구 할인', 'A, B형 통합 서비스주요 이동통신 10% 청구 할인', 'B - 도시형 카드 혜택할인점/슈퍼마켓 10%청구할인', 'A - 농촌형 카드 혜택 병의원 및 약국 10% 청구 할인']"
현대카드M BOOST,"['연회비지원', '포인트/캐시백', '커피전문점', '영화/공연', '항공', '결제대행(PG)', '하이패스', '주유소']","['신규회원 Welcome 이벤트', '한도없는 포인트적립 업종별 실적별0.5%~4.5% M포인트 적립보너스 리워드 1만 M포인트 적립M포인트를 H-Coin으로 교환', '커피전문점, 베이커리0.5%~4.5% M포인트적립', '영화/공연 0.5%~4.5% M포인트적립', 'M포인트 항공 전환', '온라인 결제대행(PG) 서비스 5% 적립', '하이패스 이용금액 M포인트 적립', '주유소 특별적립']"
NH농협 쏠쏠 투 플러스카드 (SolSol 투플러스),"['바우처', '레저', '영화/공연', '커피전문점', '편의점', '주유소', '교통', '통신', '쇼핑']","['동반자 무료 항공권 바우처 서비스농협몰 3만원 청구할인농민신문사 정기간행물 1년 무료 구독', '인천공항 캡슐호텔 3시간 무료 제공', 'CGV 10% 청구할인', '스타벅스, 이디야 10% 청구할인주요 베이커리 10% 청구할인', '주요 편의점 5% 청구할인', 'SK에너지, NH-Oil 5%청구할인', '버스/지하철 5% 청구할인', '주요 통신 3사 3% 청구 할인', '인터넷 쇼핑 3% 청구할인']"
삼성 iD EDU 카드,"['교육', '생활서비스', '쇼핑', '한식/일식/중식/양식', '언제나할인']","['학원·인터넷강의·학습지 10% 할인', '아파트생활서비스 5,000원 결제일할인', '온라인쇼핑몰 멤버십 50% 결제일할인', '배달앱 5% 결제일할인', '해외 1.5% 결제일할인']"
경차 smart 롯데카드,"['경차유류환급', '주유소', '자동차서비스', '교통', '할인점/슈퍼마켓']","['경차 smart 롯데카드란?유류세 환급 서비스회원가입 자격 조건유류세 환급 유의사항', '경차 smart 롯데카드주유소 할인 서비스', '경차 smart 롯데카드정비(엔진오일) 할인 서비스', '경차 smart 롯데카드교통 할인 서비스', '경차 smart 롯데카드할인점/슈퍼마켓 할인 서비스']"
코웨이 KB국민카드,"['렌탈', '통신', '화장품']","['최대 2만원 할인코웨이 렌탈비, 멤버십', '통신요금 매월 3천원 할인SKT, KT, LG U+', '화장품업종에서 5% 할인미용실, 피부미용원, 화장품점']"
taptap SHOPPING,"['쇼핑', '문화']","['온라인 쇼핑 5% 할인오프라인 쇼핑 5% 할인해외 1.5% 할인', '넷플릭스·멜론·왓챠 등스트리밍 3,000원 할인']"
현대카드Z family,"['할인점/슈퍼마켓', '한식/일식/중식/양식', '쇼핑', '주유소', '생활서비스']","['이마트·홈플러스·롯데마트 10% 할인', '배달의민족·요기요·쿠팡이츠 10%할인', '네이버쇼핑·쿠팡·G마켓 등 10%할인', '주유소 시 리터당 100원 청구 할인', '통신요금 7% 할인아파트생활서비스 · 도시가스 7% 할인 ']"
GS리테일 NH농협카드,"['쇼핑', '포인트/캐시백', '프리미엄']","['GS리테일 이용시 2% POINT적립GS리테일 POP 서비스 이용가능', '국내 이용금액 1% NH포인트적립국외 이용금액 2% NH포인트적립', '국제공항라운지 무료이용 연 2회 제공']"
My Trip AsianaClub 카드,"['항공', '레저']","['아시아나항공 적립한도없이 적립', '에어서울/에어부산 항공권 할인']"
신한카드 봄,"['포인트/캐시백', '교통', '문화']","['국내외 이용금액 최대 0.5% 캐시백', '교통비 일 최대 200원 캐시백', '디지털구독 서비스 최대 1만원 캐시백']"
KB국민 와이즈카드,"['포인트/캐시백', '교육', '쇼핑', '주유소', '교통', '한식/일식/중식/양식', '할인점/슈퍼마켓', '커피전문점', '레저', '화장품', '종합병원/일반병원/치과병원/한의원/약국/기타의료', '통신', '영화/공연']","['최대 5% 포인트리 적립기본+많이 쓴 곳 특별 포인트리 적립', '최대 5% 포인트리 적립학원·서점·독서실 업종 ', '최대 5% 포인트리 적립백화점·홈쇼핑·온라인쇼핑 등', '최대 5% 포인트리 적립주유소소·충전소 이용 시', '최대 5% 포인트리 적립버스·지하철·택시 업종', '최대 5% 포인트리 적립패밀리레스토랑·패스트푸드 업종', '할인점/슈퍼마켓 최대 5% 포인트리 적립', '카페 업종 최대 5% 포인트리 적립', '놀이공원 이용 시 최대 50% 할인골프·스포츠용품 업종 최대 5% 적립', '화장품·미용실 최대5% 포인트리 적립', '최대 5% 포인트리 적립병원·의원·한의원·약국 업종', '최대 5% 포인트리 적립유무선 통신·인터넷·케이블 업종', '영화/공연 예매시 1매당 3,500원 할인']"
K-22(Mileage),"['항공', '바우처', '프리미엄', '커피전문점', '할인점/슈퍼마켓', '교통']","['대한항공 마일리지', 'Voucher 서비스', 'Premium 서비스', '주요 커피전문점 20% 할인!공항 커피 무료 제공', '백화점·할인점/슈퍼마켓 10% 할인', 'KTX·SRT 10% 할인']"
카드의정석L.POINT,"['포인트/캐시백', '영화/공연', '한식/일식/중식/양식', '커피전문점', '통신', '교통', '주유소', '쇼핑', '편의점', '레저']","['롯데 L.POINT 1~2% 추가적립국내가맹점 L.POINT 0.7%적립', '영화/공연관 L.POINT 3% 특별적립', '한식/일식/중식/양식 L.POINT 3% 특별적립', '카페 L.POINT 3% 특별적립', '이동통신 L.POINT 3% 특별적립', '교통 L.POINT 3% 특별적립', '전기차충전 L.POINT 3%특별적립주유소 L.POINT 1% 특별적립', '백화점/면세점L.POINT1%특별적립할인점 L.POINT 1% 특별적립온라인/홈쇼핑L.POINT1%특별적립아울렛/몰L.POINT 1% 특별적립', '편의점 L.POINT 1% 특별적립', '여행레저 L.POINT 1% 특별적립자유이용권 50% 현장할인']"
Mile 1.6 아시아나,"['항공', '커피전문점', '영화/공연']","['1,500원당 최대 1.8 마일 적립HANA Mile 사용HANA Mile 결제 대금 차감', '스타벅스 4천원 청구할인', 'CGV, 롯데시네마 4천원 청구할인']"
CLUB PREMIER 카드 [Hotel],"['프리미엄', '주유소', '교통', '커피전문점', '포인트/캐시백']","['국내 특급호텔 50% 청구할인전 세계 제휴 라운지 무료 입장국제 브랜드 서비스', '전 주유소소 주유소 리터당 100원 할인', '택시 20% 청구할인', '스타벅스, 커피빈 20% 청구할인', '국내외 최대 1.5% 하나머니 적립']"
싱가포르항공 크리스플라이어 더 베스트 신한카드,"['항공', '프리미엄']","['싱가포르항공 1만 5천 마일리지 적립국내외 전가맹점 마일리지 적립싱가포르항공 보너스 마일리지 적립부스터마일즈 가입시 추가 적립공제 마일리지 할인 쿠폰 제공', '싱가포르항공 인천/김해공항 특별 우대싱가포르항공 이용금액 결제일 할인공항 라운지 무료 이용']"
LOCA LIKIT Play,"['연회비지원', '문화', '쇼핑', '주유소', '영화/공연']","['신규회원 연회비 100% 캐시백이벤트롯데카드 온라인신청 특별 혜택', 'LOCA LIKIT Play로스트리밍 60% 결제일 할인', 'LOCA LIKIT Play로쇼핑 멤버십 60% 결제일 할인', 'LOCA LIKIT Play로주유소소 60% 할인', 'LOCA LIKIT Play로영화/공연관 60% 결제일 할인']"
위메프페이 롯데카드,"['결제대행(PG)', '포인트/캐시백']","['위메프 가맹점에서위메프페이로 결제시 2% 적립', '국내외 온오프라인 가맹점에서일반결제시 0.7% 적립']"
NH농협 별다줄카드,"['언제나할인', '쇼핑', '교통', '커피전문점', '편의점', '통신', '한식/일식/중식/양식', '문화', '프리미엄', '레저']","['국내 온라인 전 가맹점 7% 청구할인', '무신사·크림·야놀자 등 14% 할인', '교통(버스,지하철) 5% 청구할인', '스타벅스,이디야 5% 청구할인', '편의점 5% 청구할인', '통신요금 5% 청구할인', '배달앱 5% 청구할인', 'OTT 구독 5% 청구할인', '국제공항 라운지 무료이용 연2회', '주요 놀이공원 무료입장 및 할인']"
NU Blanc,"['포인트/캐시백', '프리미엄', '커피전문점', '편의점', '할인점/슈퍼마켓', '종합병원/일반병원/치과병원/한의원/약국/기타의료', '쇼핑', '교통', '화장품', '레저', '한식/일식/중식/양식', '렌탈', '영화/공연', '교육', '문화', '육아', '주유소', '통신']","['국내 전가맹점 1~1.8% 포인트적립해외 전 가맹점 3% 포인트 적립보너스 포인트 20,000점 적립', '전세계 공항라운지 무료 이용K리무진 버스 무료 이용골프 서비스전국 부티크 호텔 무료 브런치 제공이용방법', '커피 브랜드 1~1.8% 포인트 적립', '편의점 1~1.8% 포인트 적립', '할인점/슈퍼마켓 1~1.8% 포인트 적립', '병원 약국 1~1.8% 포인트 적립', '소셜 커머스 1~1.8% 포인트 적립', '교통 1~1.8% 포인트 적립', '화장품 1~1.8% 포인트 적립', '항공사 1~1.8% 포인트 적립', '음식점 1~1.8% 포인트 적립', '렌탈 이용금액 1~1.8% 포인트적립', '영화/공연 이용금액 1~1.8% 포인트적립', '교육 이용금액 1~1.8% 포인트적립', '스트리밍서비스 1~1.8% 포인트적립', '육아 이용금액 1~1.8% 포인트적립', '주유소 이용금액 1~1.8% 포인트적립', '통신 이용금액 1~1.8% 포인트적립']"
신한카드 경차사랑 Life,"['경차유류환급', '주유소', '편의점', '커피전문점', '할인점/슈퍼마켓', '금융', '종합병원/일반병원/치과병원/한의원/약국/기타의료']","['경차 유류세 리터당 250원 자동환급모든 주유소소·충전소 80원/ℓ 할인!', '모든 주유소소 리터당 80원 할인!', '편의점 업종 10% 할인', '커피전문점 10% 할인', '이마트·롯데마트·홈플러스 주말5%할인', '한화손해보험 다이렉트 자동차보험 할인', '병원/약국 10% 할인']"
기업은행 일상의 기쁨카드,"['커피전문점', '쇼핑', '편의점', '할인점/슈퍼마켓', '교통', '주유소', '레저', '금융', '영화/공연']","['스타벅스, 커피빈, 할리스, 투썸 등주요 커피전문점 20% 할인!', '쿠팡, 티몬, 위메프온라인쇼핑 20% 할인!', '올리브영,GS25, CU, 세븐일레븐주요 편의점 10% 할인!', '이마트,홈플러스,롯데마트 5% 할인할인점/슈퍼마켓 이용시 5% 할인!', '버스, 지하철등 교통 200원할인교통비용 건당 200원 할인!', 'LPG 포함 전 주유소소 주유소 비용 리터당 60원 할인!', '레저전국 주요 놀이공원 50% 할인!', '금융우대서비스 제공!환전 시 환율 70% 우대!', 'CGV, 롯데시네마, 메가박스영화/공연 1만원 할인!']"
IBK-Syrup카드,"['포인트/캐시백', '바우처']","['OK캐시백,GS포인트,아모레퍼시픽 등통합멤버십 포인트 적립 & 사용 가능', '메가박스, 교보문고, S-OIL 등IBK-Syrup 모바일쿠폰 서비스']"
네이버페이 taptap,"['결제대행(PG)', '포인트/캐시백']","['네이버페이 결제대행(PG) 10%적립일상팩·온라인팩 선택해서 적립', '일상팩 커피·편의점·배달앱 5%적립온라인팩 결제대행(PG) 시 3천P 추가적립온오프라인 0.5% 네이버페이 적립']"
KB국민 레고랜드 매니아카드,"['레저', '쇼핑', '할인점/슈퍼마켓', '한식/일식/중식/양식', '문화', '결제대행(PG)', '포인트/캐시백']","['레고랜드 코리아 이용권 30% 할인 레고랜드 리조트 30% 할인', '레고 코리아 공식온라인몰 10% 할인완구점 업종 10% 할인 신세계백화점 등 백화점 10% 할인', '이마트 등 할인점/슈퍼마켓 10% 할인', '배달의민족 등 배달앱 10% 할인', '넷플릭스 등 구독 서비스 20% 할인', 'KB Pay 결제 10% 할인', '해외 가맹점 이용 10% 캐시백웰컴 레고랜드 포인트리 7만점 적립레고랜드 포인트리 8만점 적립']"
롯데백화점 FLEX 카드,"['포인트/캐시백', '문화', '커피전문점', '프리미엄', '쇼핑', '할인점/슈퍼마켓', '통신', '주유소', '편의점', '한식/일식/중식/양식', '영화/공연', '레저', '종합병원/일반병원/치과병원/한의원/약국/기타의료', '화장품', '결제대행(PG)', '렌탈']","['롯데백화점 FLEX 카드로국내외 가맹점 L포인트 0.5% 적립', '롯데백화점 FLEX 카드로스트리밍 30% 결제일 할인문화업종 L.POINT 0.5% 적립', '롯데백화점 FLEX 카드로카페 50% 결제일 할인카페업종 L.POINT 0.5% 적립', '롯데백화점 FLEX 카드로롯데면세점 최대 15% 현장할인Mastercard World 서비스American ExpressPlatinum Elite 서비스', '롯데백화점 FLEX 카드로쇼핑업종 L.POINT 0.5% 적립', '롯데백화점 FLEX 카드로할인점/슈퍼마켓 L.POINT 0.5% 적립', '롯데백화점 FLEX 카드로이동통신 L.POINT 0.5% 적립', '롯데백화점 FLEX 카드로주유소업종 L.POINT 0.5% 적립', '롯데백화점 FLEX 카드로편의점 L.POINT 0.5% 적립', '롯데백화점 FLEX 카드로한식/일식/중식/양식업종 L.POINT 0.5% 적립', '롯데백화점 FLEX 카드로영화/공연관 L.POINT 0.5% 적립', '롯데백화점 FLEX 카드로레저업종 L.POINT 0.5% 적립', '롯데백화점 FLEX 카드로종합병원/일반병원/치과병원/한의원/약국/기타의료업종 L.POINT 0.5% 적립', '롯데백화점 FLEX 카드로화장품업종 L.POINT 0.5% 적립', '롯데백화점 FLEX 카드로결제대행(PG) L.POINT 0.5% 적립', '롯데백화점 FLEX 카드로렌탈업종 L.POINT 0.5% 적립']"
L.CLASS L60카드(스카이패스형),"['항공', '바우처', '프리미엄', 'Priority Pass']","['1,500원당 1마일리지 적립', '스페셜기프트 연 1회 제공(아래 3개 중 1개 선택)', '롯데호텔, 롯데면세점, 골프프리미엄 서비스 제공', '국내외 공항라운지 무료이용(LoungeKey 서비스)공항 내 다양한 특별 혜택']"
코웨이 삼성카드,"['렌탈', '생활서비스', '통신']","['최대 1만 3천원 결제일 할인', '아파트생활서비스  1,000원 할인4대사회보험 1,000원 할인', '이동통신 1,000원 할인인터넷/유선통신 1,000원할인']"
KB국민 청호나이스Ⅱ카드,['렌탈'],['청호나이스렌탈료 월최대 1만7천원할인']
the Red Stripe,"['바우처', '포인트/캐시백', '프리미엄', '주유소']","['기본 바우처보너스 바우처', '선택 제공 혜택항공 마일리지형M포인트형', '로열티 보너스 제공메탈 소재 카드 플레이트 제공The Lounge Members무료 발레파킹서비스 제공', 'GS칼텍스 주유소시']"
NH농협 Asiana Club (아시아나클럽) 카드,"['항공', '영화/공연', '쇼핑', '커피전문점', '문화', '레저', '교육']","['이용금액 1천원당 1~3마일리지 적립', 'CGV, 롯데시네마, 메가박스', '국내 면세점/아시아나 기내 면세점', '스타벅스, 커피빈, 탐앤탐스', '국내 서점/서적', '국내외 여행패키지 3~5% 현장할인금강산콘도미니엄 77% 할인해외로밍 현장할인외화 환전 수수료 현장할인보험서비스 무료 가입웨딩토탈 서비스 5~10% 현장할인', '전화영어, 화상영어 현장할인']"
IKEA Family with 신한카드,"['쇼핑', '할인점/슈퍼마켓', '편의점', '영화/공연', '커피전문점', '통신']","['IKEA 매장 10% 결제일 할인IKEA 푸드 15% 결제일 할인롯데·현대·신세계백화점 5% 할인프리미엄 아울렛 5% 결제일 할인', '이마트·홈플러스·롯데마트 5% 할인', 'GS25·CU·세븐일레븐 5% 할인', '롯데시네마·CGV 5% 결제일할인', '이디야·스타벅스 5% 할인', '이동통신요금 5% 할인']"
11번가 신한카드,['쇼핑'],['이용금액0.5% SK pay포인트적립SK pay 이용금액 특별적립 1%']
원더카드 LIVING  ,"['생활서비스', '주유소', '커피전문점', '종합병원/일반병원/치과병원/한의원/약국/기타의료', '언제나할인', '교통']","['생활요금 10% 청구할인', '주유소/LPG충전 10% 할인 ', '커피 10% 청구할인', '병원/약국 10% 할인', '국내가맹점 2~3개월 무이자할부', '택시업종, 카카오T, UT 10%할인']"
삼성카드 taptap O,"['연회비지원', '통신', '포인트/캐시백', '쇼핑', '교통', '영화/공연', '편의점', '커피전문점']","['온라인신규회원 연회비 100% 캐시백(삼성개인신용카드 신규발급 시 제공)', '통신요금 10% 결제일할인', '월 최대 3만원, 연간 36만원 할인쇼핑 1% 빅포인트 적립', '쿠팡·11번가 등 연최대 6만원할인쇼핑 7% 할인 또는 1% 적립', '버스, 지하철, 택시요금 10% 할인', '영화/공연 연 최대 6만원 할인CGV·롯데시네마 5,000원 할인', '편의점 7%할인 또는 1%적립', '커피 연 최대 12만원 할인스타벅스 50% 또는 카페 30%할인']"
NH농협 어디로든 그린카드,"['주유소', '교통', '레저', '커피전문점', '포인트/캐시백', '그린카드']","['전기차/수소차 충전 20~40% 적립', '버스/지하철/고속버스 10% 적립', '공유 모빌리티 10% 적립', '커피전문점 10% 적립', '국내 전가맹점 0.2% 적립', '그린서비스']"
삼성 iD ON 카드,"['연회비지원', '커피전문점', '문화', '교통', '통신', '결제대행(PG)', '한식/일식/중식/양식']","['온라인신규회원 연회비 100% 캐시백(삼성개인신용카드 신규발급 시 제공)', '커피전문점·배달앱·델리 중많이 쓰는 영역 30% 자동맞춤 할인', '스트리밍 10% 결제일할인', '교통 10% 결제일할인', '이동통신 10% 결제일할인', '온라인 결제대행(PG) 3% · 1% 결제일 할인', '커피전문점·배달앱·델리 중많이 쓰는 영역 30% 자동맞춤 할인']"
NU Uniq Point,"['언제나할인', '주유소', '쇼핑', '교통', '커피전문점', '한식/일식/중식/양식', '주유소', '금융', '생활서비스', '문화', '포인트/캐시백']","[' 국내 가맹점 0.5% 제한없이 적립', '주유소 및 충전 시 리터당 60점 적립', '쿠팡,G마켓,11번가,해외 2% 적립', '교통, 택시 2.0% 적립', '카페 프랜차이즈 2.0% 적립', '온라인 한식/일식/중식/양식 2.0% 적립', '전기차 충전 2% 적립', '4대 보험 2% 적립', '아파트생활서비스,가스/전기요금 2% 적립', '넷플릭스,유튜브프리미엄,멜론2%적립', '국내가맹점0.5% 적립한도 없이 적립']"
신세계이마트 삼성카드 7,"['쇼핑', '포인트/캐시백', '할인점/슈퍼마켓', '레저', '영화/공연']","['신세계백화점 5% 할인모든가맹점 주말 2~3개월 무이자할부신세계백화점 무료주차권 월 2매 제공', '업종별 최대 3% 빅포인트 적립신세계· 이마트 포인트 적립', '이마트 6천원 결제일할인', '놀이공원50%, 워터파크30% 할인', 'CGV 3천원 할인']"
LOCA PLATINUM(할인형),"['언제나할인', '바우처', '프리미엄', '할인점/슈퍼마켓', '커피전문점', '쇼핑', '화장품', '편의점', '주유소', '한식/일식/중식/양식', '영화/공연', '통신', '교육', '육아', '레저', '문화', '종합병원/일반병원/치과병원/한의원/약국/기타의료', '결제대행(PG)', '렌탈']","['국내외 가맹점 최대 1% 결제일 할인', '특급호텔 F&B 5만원 이용권', 'Mastercard Platinum', '할인점/슈퍼마켓 최대 1% 결제일 할인', '커피전문점 최대 1% 결제일 할인', '쇼핑 업종 최대 1% 결제일 할인', '화장품 업종 최대 1% 결제일 할인', '편의점 최대 1% 결제일 할인', '주유소소 최대 1% 결제일 할인', '한식/일식/중식/양식 업종 최대 1% 결제일 할인', '영화/공연관 최대 1% 결제일 할인', '이동통신 업종 최대 1% 결제일 할인', '교육비 최대 1% 결제일 할인', '육아 업종 최대 1% 결제일 할인', '레저 업종 최대 1% 결제일 할인', '문화 업종 최대 1% 결제일 할인', '종합병원/일반병원/치과병원/한의원/약국/기타의료 업종 최대 1% 결제일 할인', '결제대행(PG) 최대 1% 결제일 할인', '렌탈 업종 최대 1% 결제일 할인']"
모니모A 카드,"['커피전문점', '쇼핑', '주유소', '금융', '레저', '편의점', '종합병원/일반병원/치과병원/한의원/약국/기타의료', '반려동물', '교육', '영화/공연', '포인트/캐시백']","['스타벅스 5,000원 할인', '면세점 최대 2% 모니머니리워드 적립백화점 최대 2% 모니머니리워드 적립프리미엄아울렛최대2%모니머니리워드적립온라인쇼핑몰 최대2%모니머니리워드적립해외 최대 2% 모니머니리워드 적립', '모든주유소소 최대 2%모니머니리워드적립전기차충전 최대 2%모니머니리워드적립', '보험 최대 10% 모니머니리워드 적립', '항공 최대 2% 모니머니리워드 적립', '편의점 최대 2% 모니머니리워드 적립', '병원,약국 최대 2%모니머니리워드적립', '동물병원 최대 2% 모니머니리워드적립', '학원 최대 2% 모니머니리워드 적립', '영화/공연관 최대 2% 모니머니리워드 적립', '국내외가맹점 최대1%모니머니리워드적립']"
IBKhi카드,"['주유소', '한식/일식/중식/양식', '레저', '통신', '교통', '영화/공연']","['휘발유, 등유, 경유, LPG 포함!GS주유소소 리터당 40원 할인!', '패밀리 레스토랑 아웃백, 빕스 등10% 결제일 할인 제공!', '레저전국 주요 놀이공원 최대 50% 할인', 'SKT, KT, LG U+ 통신3사휴대폰 이용 금액 3% 할인!', '지하철, 버스 등 최대 300원 할인철도, 고속버스, 택시 5% 할인', '인터파크, 네이버영화/공연 통해 예매시영화/공연비 2,000원 할인!']"
그랑블루 1st,"['바우처', '포인트/캐시백', '프리미엄', '주유소', '레저', '금융']","['프리미엄 기프트 서비스(5만원상당)', '그랑블루 1st 포인트 적립 서비스보너스 포인트 추가 적립', '그랑블루 1st 프리미엄 서비스전세계 공항 라운지 무료 이용 서비스국내 지정 골프장 무료 커피 제공국내 지정 골프연습장 무료 제공', 'SK 주유소시 리터당 60원 청구할인', '여행 지원 서비스', '개인사업자 Win-Tax 서비스']"
아메리칸 익스프레스 블루 KB국민카드,"['프리미엄', '쇼핑', '커피전문점', '주유소', '편의점', '통신', '문화', '레저', '한식/일식/중식/양식', '언제나할인', '자동차서비스', '연회비지원']","['국내 특급 호텔 객실 할인국내 특급 호텔 F&B 할인구름에, 락고재 등 고택 제휴 서비스리프레쉬 골프 10% 할인쿠폰 제공사이판 월드리조트 40% 할인스파 최대 10% 할인', 'G마켓 등 온라인쇼핑 10%할인면세점 최대 10% 할인꽃집청년들 관엽 5%,화환 10%할인오리스 시계 서비스센터 5% 할인', '카페 아티제 커피 1+1 제공 서비스백미당 커피 또는 아이스크림 무료제공', '주유소 100원/L당 할인', '편의점(GS 25, CU) 5% 할인', '이동통신요금 자동납부 시 10% 할인', '넷플릭스 등 OTT 30%할인잡지 정기 구독료 10% 할인', '롯데월드, 에버랜드 50% 현장할인캐리비안베이 이용권 30% 할인카모아 렌터카 5% 할인서프홀릭에서 서핑 강습료 5% 할인', '아웃백 스테이크 하우스 30% 할인생 어거스틴 20% 할인63 레스토랑 10% 할인키친동백, SG 다인힐 혜택 제공', '해외 가맹점 5% 할인', '하이파킹 지정 주차장 20% 할인내/외부 세차 할인 서비스', '온라인신규신청 연회비 100% 캐시백홈페이지 내 신용카드 최초 발급 시']"
DailyWith (데일리위드)카드,"['포인트/캐시백', '할인점/슈퍼마켓', '한식/일식/중식/양식', '쇼핑', '종합병원/일반병원/치과병원/한의원/약국/기타의료', '교통', '주유소', '편의점', '통신']","['6대 생활영역 1% 기본캐시백이용금액 많은 영역 1% 추가캐시백', '이마트/홈플러스/롯데마트 1% 캐시백', '전국 음식점주점/커피전문점 1% 캐시백', '쿠팡/11번가/G마켓/위메프온라인쇼핑 1% 캐시백', '종합병원/병의원/한의원/치과병원비 1% 캐시백', '버스, 지하철 1% 캐시백', '전 주유소소 1% 캐시백', 'GS25/CU/세븐일레븐 1% 캐시백', 'SKT/KT/LGU+/CJ헬로이동통신 요금 자동이체 1% 캐시백']"
IBK i-ALL 카드,"['언제나할인', '쇼핑', '한식/일식/중식/양식', '할인점/슈퍼마켓', '커피전문점', '편의점', '교통', '주유소', '통신', '반려동물', '문화']","['ALL 영역', 'LIVING 영역', 'LIVING 영역', 'LIVING 영역', 'LIVING 영역', 'LIVING 영역', 'LIVING 영역', 'LIVING 영역', 'LIVING 영역', 'LIVING 영역', 'MEMBERSHIP 영역']"
아메리칸 익스프레스 로즈골드 KB국민카드,"['연회비지원', '프리미엄', '쇼핑', '커피전문점', '편의점', '할인점/슈퍼마켓', '레저', '자동차서비스', '한식/일식/중식/양식', '문화']","['온라인신규신청 연회비 100% 캐시백홈페이지 내 신용카드 최초 발급 시', '국내 특급 호텔 객실 할인국내 특급 호텔 F&B 할인구름에, 락고재 등 고택 제휴 서비스리프레쉬 골프 10% 할인쿠폰 제공사이판 월드리조트 40% 할인스파 최대 10% 할인', '쿠팡 등 온라인쇼핑 10%할인롯데백화점 5% 할인온라인 면세점 5% 할인면세점 최대 10% 할인꽃집청년들 관엽 5%,화환 10%할인오리스 시계 서비스센터 5% 할인', '커피 오프라인 매장 10% 할인카페 아티제 커피 1+1 제공 서비스스타벅스 사이렌오더 10% 할인커피빈 퍼플오더 10% 할인메가커피 메가오더 10% 할인백미당 커피 또는 아이스크림 무료제공', 'CU, GS 25 10% 할인', '롯데마트, 홈플러스 5% 할인롯데슈퍼 등 5% 할인', '대한항공, 아시아나 항공권 5% 할인카모아 렌터카 5% 할인서프홀릭에서 서핑 강습료 5% 할인', '하이파킹 지정 주차장 20% 할인내/외부 세차 할인 서비스', '생 어거스틴 20% 할인63 레스토랑 10% 할인키친동백, SG 다인힐 혜택 제공', '잡지 정기 구독료 10% 할인']"
신한카드 플리,"['연회비지원', '언제나할인', '포인트/캐시백']","['신규 고객 연회비 100% 캐시백!신규 회원이면 누구나 참여 가능!', '국내 이용금액 최대 0.9% 할인해외 이용금액 0.5% 결제일 할인매월 6천원 할인 쿠폰 제공 서비스', '마이신한포인트 월 최대 3천P 적립']"
아메리칸 엑스프레스 블루,"['편의점', '한식/일식/중식/양식', '교통', '통신', '쇼핑', '결제대행(PG)', '커피전문점', '문화']","['편의점 7% 멤버십리워즈 적립', '배달앱 7% 멤버십리워즈 적립', '교통 5% 멤버십리워즈 적립', '통신 5% 멤버십리워즈 적립', '프리미엄 아울렛·트렌디패션·해외1.5% 멤버십리워즈 적립', '삼성 페이 등 온라인 결제대행(PG)1.5% 멤버십리워즈 적립', '스타벅스·이디야커피 20% 결제일할인', '스트리밍 20% 결제일할인']"
롯데마트&MAXX 카드,"['할인점/슈퍼마켓', '문화', '종합병원/일반병원/치과병원/한의원/약국/기타의료', '주유소', '교육', '통신']","['롯데마트·MAXX 월최대 10% 할인', '스트리밍 서비스 5% 결제일 할인', '병원·약국·동물병원 5% 결제일 할인', '주유소소 5% 결제일 할인', '교육 업종 5% 결제일 할인', '이동통신 업종 5% 결제일 할인']"
다둥이행복카드,"['한식/일식/중식/양식', '커피전문점', '금융', '교통', '포인트/캐시백', '언제나할인', '쇼핑', '주유소', '자동차서비스', '영화/공연', '레저', '통신', '할인점/슈퍼마켓', '종합병원/일반병원/치과병원/한의원/약국/기타의료', '교육', '문화', '화장품']","['패밀리레스토랑 할인고급 식음료 매장 할인', '스타벅스 20% 청구할인', '자유적금 연 0.2% 금리 우대우리은행 이용 수수료면제우리은행 환전수수료 50% 우대SMS 문자서비스 평생무료', '교통요금 10%청구할인', '모아포인트 최고 0.9% 적립', '전가맹점 2~3개월 무이자 할부 ', '유명의류 10%할인현대홈쇼핑 3% 할인 ', 'GS칼텍스 청구할인', '긴급출동 및 차량점검 서비스', '영화/공연 현장구매 청구할인', '전국 주요 놀이공원 할인전국 주요콘도 할인', '통신요금 청구할인', '대형할인점 5% 청구할인', '병의원 5% 청구할인', '한국프뢰벨 3% 청구할인학원업종 10% 청구할인메가스터디 5% 청구할인', '국립박물관 및 문화재청 입장료청구할인', '미용실 전 업종 10% 청구할인']"
KB국민 Green Wave 1.5℃ 카드,"['연회비지원', '포인트/캐시백', '주유소', '교통', '문화', '쇼핑']","['온라인신규신청 연회비 100% 캐시백홈페이지 내 신용카드 최초 발급 시', '따릉이, 킥고잉등 20% 포인트리적립모바일단독카드 이용시 1천포인트리적립환경재단 기부포인트 적립 서비스', '전기/수소차 충전 10% 포인트리적립', '버스/지하철, 철도 10%포인트리적립', '스트리밍 이용시 포인트리 1천점 적립', '굿윌스토어 이용시 포인트리 1천점적립친환경 마켓 20% 포인트리 적립업사이클링 제품 10% 포인트리 적립트리플래닛 10% 포인트리 적립']"
KB국민 FINETECH카드(마일리지 아시아나),"['연회비지원', '항공', '커피전문점', '문화', '영화/공연', '통신', '쇼핑', '한식/일식/중식/양식', '편의점', '주유소', '할인점/슈퍼마켓', '화장품', '교육', '레저']","['온라인신규신청 연회비 100% 캐시백홈페이지 내 신용카드 최초 발급', '아시아나 마일리지 최대 3마일 적립!', '스타벅스 앱 사이렌오더 최대3마일적립커피전문점 국내가맹점1.2마일적립', '티켓링크, 벅스뮤직 최대 3마일 적립공연/전시 등국내 문화가앰점 1.2마일 적립', 'CGV 예매 시 최대 3마일 적립영화/공연 국내가맹점 1.2마일 적립', '통신요금 1천원당 1.2마일 적립', '쇼핑업종 1천원당 1.2마일 적립', '한식/일식/중식/양식업종 1천원당 1.2마일 적립', '편의점 1천원당 1.2마일 적립', '주유소업종 1천원당 1.2마일 적립', '할인점/슈퍼마켓 1천원당 1.2마일적립', '화장품업종 1천원당 1.2마일적립', '교육업종 1천원당 1.2마일적립', '레저업종 1천원당 1.2마일적립']"
디지로카 London,"['연회비지원', '포인트/캐시백', '납부 혜택']","['신규회원 연회비 100% 캐시백이벤트롯데카드 첫 발급 고객 혜택!', '국내 모든 가맹점에서 0.7% 캐시백즉시결제 추가 1% 캐시백', '이용 금액에 따라 최대 6개월 나누기추가 수수료 없는 납부 혜택!']"
신한카드 Air Platinum#,"['항공', '주유소', '프리미엄', '쇼핑', '자동차서비스']","['대한항공, 아시아나항공 마일리지 적립마이신한포인트 항공 전환 가능', 'S-OIL 리터당 60 포인트 적립!현대오일뱅크 리터당 60 포인트적립!', '특급호텔 레스토랑, 객실 할인 서비스공항 발렛파킹 무료(월 3회)인천공항내 무료 커피, 레스토랑 할인실내/실외 골프장 적립', '패션/요식 거리 이용금액 2% 적립', '무료 주차 서비스(월 3회)']"
taptap DRIVE,"['연회비지원', '편의점', '커피전문점', '결제대행(PG)', '쇼핑', '주유소']","['온라인신규회원 연회비 100% 캐시백(삼성개인신용카드 신규발급 시 제공)', '편의점 10% 결제일할인', '커피전문점 10% 결제일할인', '온라인 결제대행(PG) 1% 할인', '온라인쇼핑몰 1% 할인해외 1.5% 결제일할인', '주유소 리터당 최대 150원 할인']"
하나 CLUB H 아메리칸 익스프레스 리저브 카드,"['항공', '프리미엄']","['스카이패스 1천원당 최대 2마일 적립', '인천공항 라운지 동반자 1인포함 무료']"
KB국민 HERITAGE Smart [할인형],"['언제나할인', '바우처', '쇼핑', '교통', '레저', '주유소', '편의점', '교육', '커피전문점', '통신', '할인점/슈퍼마켓', '문화', '한식/일식/중식/양식', '영화/공연', '화장품', '금융', '프리미엄']","['국내가맹점 실적, 한도 없이 1%할인해외가맹점 실적, 한도 없이 3%할인', '3가지 할인쿠폰 제공(연1회,택1)특급호텔 15만원 할인쿠폰 제공대한항공 및 저가항공사 15만원할인공연/전시 15만원 할인쿠폰 제공', '롯데백화점 등 백화점 최대 6%할인신라면세점등 인터넷면세점 최대6%할인발란 등 온라인 명품 최대 6%할인 랭킹닭컴 배송완료시 포인트 6배 적립유어버스데이 꽃배달 20% 할인서비스', '택시 최대 6%할인버스, 지하철 1% 청구할인', '골프장, 요가업종 등 최대 6%할인롯데월드 등 1%청구할인아고다 국내외 호텔 예약시 12%할인국내, 해외 렌터카 할인국내외 투어 상품 할인 쿠폰 서비스제주도 여행상품 할인 및 특전 제공프리미엄 수행기사 서비스 특전 제공제주도, 해외 골프 특전 제공', 'GS주유소소,SK주유소소등 최대 6%할인', 'CU, GS25 등 최대 6% 할인', '외국어학원 등 최대 6% 할인', '스타벅스 등 커피전문점 최대 6%할인뚜레쥬르 등 베이커리 1%청구할인', '이동통신요금 1%청구할인 전월 이용실적 조건 및 적립한도 없음', '이마트 등 할인점/슈퍼마켓 1% 청구할인 전월 이용실적 조건 및 적립한도 없음', '문화생활 1% 청구할인전월 이용실적 조건 및 적립한도 없음내셔널지오그래픽 트래블러 정기구독할인', 'VIPS 등 한식/일식/중식/양식업종 1% 청구할인전월 이용실적 조건 및 적립한도 없음포잉앱에서 결제시 최대 5% 적립', 'CGV등 영화/공연관 1% 청구할인전월 이용실적 조건 및 적립한도 없음', '이니스프리 등 화장품업종 1% 청구할인전월 이용실적 조건 및 적립한도 없음', 'KB국민은행 수수료 감면, 면제서비스문자알림(SMS) 서비스 무료제공', '국내외 공항라운지 무료이용 서비스인천공항 및 호텔 발레파킹 서비스국내 특급호텔 F&B, 스파할인국내외 특급호텔 및 리조트 객실 할인']"
기업은행 Oil & Life카드(Life),"['주유소', '영화/공연', '레저', '통신', '커피전문점', '자동차서비스', '바우처']","['휘발유, 등유, 경유, LPG 포함GS칼텍스 리터당 60원 할인', 'CGV, 롯데시네마영화/공연 2천원 현장할인!', '캐리비안베이, 롯데월드, 에버랜드 등전국 놀이공원 최대 50% 할인', '통신사3사 SKT, KT, LGT휴대폰 이용금액 3% 할인', '한식/일식/중식/양식/커피 업종 10% 할인', 'autoOasis정비 최대 2만원할인', 'Prime 서비스알뜰쿠폰365쿠폰Life Prime 서비스 이용방법Oil PrimeOil Prime 서비스 이용방법']"
신세계 멘즈라이프 삼성카드,"['쇼핑', '주유소', '커피전문점', '교통', '편의점', '레저', '문화']","['신세계백화점 7% 결제일할인신세계백화점 제휴 서비스 제공', '리터당 최대 100원 결제일할인', '스타벅스 20% 결제일할인', '택시 3% 결제일할인', '편의점 3% 결제일할인', '골프연습장 3% 결제일할인', '신세계백화점 문화센터 7% 결제일할인']"
LOCA LIKIT Eat,"['연회비지원', '쇼핑', '커피전문점', '한식/일식/중식/양식']","['신규회원 연회비 100% 캐시백이벤트롯데카드 온라인신청 특별 혜택', 'LOCA LIKIT Eat으로쇼핑 멤버십 60% 결제일 할인', 'LOCA LIKIT Eat으로커피 60% 결제일 할인', 'LOCA LIKIT Eat으로음식점 가맹점 60% 할인배달앱도 60% 할인']"
신한카드 알뜰More(알뜰모아),['통신'],['알뜰폰 통신비 최대 1만 5천원 할인']
the Red Edition5,"['바우처', '포인트/캐시백', '프리미엄', '주유소']","['\u3000', '선택 제공 혜택항공 마일리지형M포인트형※유의사항', '로열티 보너스 제공메탈 소재 카드 플레이트 제공The Lounge Members무료 발레파킹서비스 제공', '\u3000']"
zgm.휴가중카드,"['포인트/캐시백', '레저', '프리미엄', '금융']","['기본적립 : 2% NH포인트 적립추가적립 : 1~3% NH포인트 적립국내 이용액 0.5% 포인트 기본적립항공권,면세점 업종 0.5% 추가적립', '호텔스닷컴 이용 시 20% 즉시할인', '전세계 공항라운지 무료이용(더라운지)', '여행자보험 무료 가입']"
카드의정석 EVERY 1(망그러진 곰 Edition),"['연회비지원', '언제나할인', '쇼핑', '레저', '커피전문점', '편의점', '할인점/슈퍼마켓', '종합병원/일반병원/치과병원/한의원/약국/기타의료', '화장품', '교통', '한식/일식/중식/양식', '영화/공연', '렌탈', '교육', '문화', '육아', '통신', '주유소']","['온라인 신규 연회비 100% 캐시백', '기본 할인추가할인할인 제공 시 유의사항실적 산정 방법 안내', '쇼핑 1% 청구할인', '항공사 1% 청구할인', '커피전문점 1% 청구할인', '편의점 1% 청구할인', '할인점/슈퍼마켓 1% 청구할인', '종합병원/일반병원/치과병원/한의원/약국/기타의료 업종 1% 청구할인', '화장품 업종 1% 청구할인', '교통 1% 청구할인', '음식점 1% 청구할인', '영화/공연 이용금액 1% 청구할인', '렌탈 이용금액 1% 청구할인', '교육 이용금액 1% 청구할인', '문화 업종 이용금액 1% 청구할인', '육아 이용금액 1% 청구할인', '통신 이용금액 1% 청구할인', '주유소 이용금액 1% 청구할인']"
신한카드 Deep Dream Platinum+,"['연회비지원', '포인트/캐시백', '프리미엄', '할인점/슈퍼마켓', '쇼핑', '커피전문점', '편의점', '교통', '주유소', '영화/공연', '화장품', '레저', '금융', '통신']","['신규 고객 연회비 100% 캐시백!신규 회원이면 누구나 참여 가능!', '적립한도 없이０.7~1.1% 기본적립DREAM영역 이용시 최대5.5%적립해외 이용금액 10% 캐시백DREAM영역', '제주항공·에어부산 10% 할인', '할인점/슈퍼마켓 이용금액 최대 5.5% 적립기본 0.7~1.1% 한도없이 적립', '3대 백화점 최대 5.5% 적립기본 0.7~1.1% 한도없이 적립다이소 이용금액 최대 5.5% 적립', '커피 업종 이용금액 최대 5.5%적립기본 0.7~1.1% 한도없이 적립', '3대 편의점 이용시 최대 5.5%적립기본 0.7~1.1% 한도없이 적립', '택시 이용 3,6,9번째 2천원 할인교통 이용금액 최대 1.1% 적립', '주말, 전 주유소소 리터당 80원 적립기본 0.7~1.1% 한도없이 적립', '영화/공연관 이용금액 최대 5.5% 적립기본 0.7~1.1% 한도없이 적립', '올리브영 최대 5.5% 포인트 적립기본 0.7~1.1% 한도없이 적립', '골프 업종 이용금액 최대 5.5%적립기본 0.7~1.1% 한도없이 적립', '신한금융투자 온라인주식매매 수수료우대신한은행 전자금융 수수료 면제', '이동통신요금 최대 5.5% 포인트적립']"
KB국민행복카드,"['국민행복카드', '금융', '쇼핑', '할인점/슈퍼마켓', '교육', '육아', '생활서비스', '통신']","['임신·출산·보육료 등 국가바우처 지원', 'KB손해보험 단체보험 무료가입임신중독증, 태반조기박리 등', '홈쇼핑 · 온라인쇼핑몰 5%할인', ' 이마트, 롯데마트등 할인점/슈퍼마켓5%할인', '문화센터·학습지 5%청구할인', '키즈카페 5%청구할인', '아파트 생활서비스 자동납부시 5%청구할인', 'SKT, KT, LGU+ 5%할인']"
KB국민 마이핏카드(할인형),"['한식/일식/중식/양식', '커피전문점', '편의점', '화장품', '할인점/슈퍼마켓', '주유소', '통신', '쇼핑']","['VIPS·아웃백 최대 1만원 할인배달앱 이용 시 5% 할인', '스타벅스·커피빈 최대 1만원 할인', '최대 1만원 할인GS25·CU 편의점 이용 시', '올리브영 이용 시 최대 1만원 할인', '할인점/슈퍼마켓 이용 시 최대 1만원 할인', '최대 1만원 할인SK에너지·GS칼텍스 (충전소 포함)', '최대 1만원 할인SKT·KT·LGU+ 이동통신요금', 'G마켓·쿠팡 이용 시 5% 할인']"
현대카드M2 BOOST,"['연회비지원', '포인트/캐시백', '영화/공연', '커피전문점', '결제대행(PG)', '주유소', '항공', '하이패스', '자동차서비스']","['신규회원 Welcome 이벤트', '제한없는 포인트 적립 업종별 실적별0.5%~4.5% M포인트 적립보너스 리워드 1만 M포인트 적립M포인트  사용', '영화/공연 0.5%~4.5% M포인트적립', '커피전문점, 베이커리0.5%~4.5% M포인트적립현대카드 플래티넘 서비스플래티넘서비스제공기준', '온라인 결제대행(PG) 서비스 5% 적립', '주유소 특별적립', 'M포인트 항공 전환', '하이패스 이용금액 M포인트 적립', '현대카드 플래티넘서비스 주말 무료주차플래티넘서비스제공기준']"
LOCA 365,"['연회비지원', '통신', '교통', '한식/일식/중식/양식', '금융', '교육', '문화', '생활서비스']","['신규회원 연회비 100% 캐시백이벤트롯데카드 온라인신청 특별 혜택', '이동통신비 10% 결제일 할인이동통신비 2~3개월 무이자 할부', '교통 10% 결제일 할인', '배달앱 10% 결제일 할인배달앱 2~3개월 무이자 할부', '보험료 10% 결제일 할인보험료 2~3개월 무이자 할부', '학습지 10% 결제일 할인학습지 2~3개월 무이자 할부', '스트리밍 서비스 1,500원 할인스트리밍 2~3개월 무이자 할부', 'LOCA 365로 매달 나가는생활서비스, 공과금 10% 결제일 할인']"
신한카드 Deep On Platinum+,"['연회비지원', '결제대행(PG)', '포인트/캐시백', '프리미엄', '편의점', '쇼핑', '커피전문점']","['신규 고객 연회비 100% 캐시백!신규 회원이면 누구나 참여 가능!', '결제대행(PG) 온라인업종 이용시 10%할인요기요,GS프레시 추가 10%할인', '해외 이용금액 10% 캐시백!', '제주항공 · 에어부산 10% 할인!', '4대 편의점 20% 할인', '올리브영·다이소 20%할인쿠팡·위메프 월납20% 할인', '스타벅스·투썸플레이스 20% 할인']"
KB국민 청춘대로 톡톡카드,"['연회비지원', '커피전문점', '한식/일식/중식/양식', '통신', '교통', '결제대행(PG)', '쇼핑', '영화/공연', '편의점', '주유소', '할인점/슈퍼마켓', '레저', '문화', '화장품']","['온라인신규신청 연회비 100% 캐시백홈페이지 내 신용카드 최초 발급 시', '스타벅스 최대60% 할인결제대행(PG) 이용 시,커피전문점 10%할인', '버거/패스트푸드 최대 30% 할인!결제대행(PG) 이용시, 한식/일식/중식/양식업종 10%할인', '3대 통신사 통신요금 10% 할인', '버스, 지하철, 택시 10% 할인', '결제대행(PG) 이용 시 10%할인', '결제대행(PG) 이용시, 쇼핑업종 10%할인', '결제대행(PG) 이용시, 영화/공연관 10% 할인', '결제대행(PG) 이용시, 편의점 10% 할인', '결제대행(PG) 이용시, 주유소소 10% 할인', '결제대행(PG) 이용시, 할인점/슈퍼마켓 10%할인', '결제대행(PG) 이용시, 놀이공원 10%할인', '결제대행(PG) 이용시, 문화업종 10%할인', '결제대행(PG) 이용시  화장품업종 10%할인']"
신한카드 국민행복 ,"['국민행복카드', '종합병원/일반병원/치과병원/한의원/약국/기타의료', '쇼핑', '교육', '한식/일식/중식/양식', '문화', '금융']","['임출산 진료비/보육료/생활할인 지원', '병원/약국/산후조리원 5% 청구할인', 'SSG닷컴, 롯데ON, 11번가G마켓, 쿠팡 5% 결제일 할인온라인 월회비 3천원 할인', '어린이집/유치원 중 부모부담금,전국 학원 10% 청구 할인', '배달의민족, 요기요 10% 청구할인', '넷플릭스, 유튜브프리미엄 50% 할인YES24, 알라딘, 교보문고 할인', '신한투자증권 수수료 면제 혜택 서비스신한라이프 어린이보험 보험료 우대']"
the Pink,"['연회비지원', '포인트/캐시백', '바우처', '프리미엄', '주유소']","['the Pink Welcome 혜택7만M포인트적립 or 연회비7만원감면', '국내외 가맹점 1~2% M포인트 적립영역별 5% M포인트 적립M포인트 사용', 'the Pink 전용 M포인트', '메탈 소재 카드 플레이트 제공인천국제공항 라운지 무료 이용서비스무료 발레파킹서비스 제공', 'GS칼텍스 리터당 60 M포인트 적립']"
zgm.rounding카드,"['레저', '커피전문점', '프리미엄']","['골프?연습장, 스크린골프 5% 할인쇼골프 연습장 일 타석권 50% 할인홀인원 축하금 100만원 제공', '커피전문점 10% 청구할인', '국내 국제공항 라운지 연2회 무료이용']"
CLUB Signature Asiana Club,"['프리미엄', 'Priority Pass', '항공']","['택1) 신라면세점 10만원 이용권택2) 호텔 한식/일식/중식/양식통합 12만원 이용권연 1회, 2가지 중 1가지 선택제공', '전세계 주요 라운지 무료입장!', '1,000원당 최대 2.0마일 적립']"
HERITAGE Smart [대한항공 마일리지형],"['항공', '바우처', '금융', '프리미엄', '쇼핑', '문화', '통신', '편의점', '커피전문점', '할인점/슈퍼마켓', '주유소', '한식/일식/중식/양식', '영화/공연', '교통', '화장품', '레저']","['국내가맹점 2천원당 최대 3마일적립KB Pay 이용 시,해외 가맹점 1천원당 2마일 적립', '3가지 쿠폰서비스 제공(연1회,택1)특급호텔 15만원 할인쿠폰 제공대한항공 및 저가항공사 15만원할인공연/전시 15만원 할인쿠폰 제공', 'KB국민은행 수수료 감면, 면제서비스문자알림(SMS) 서비스 무료제공', '국내외 공항라운지 무료이용 서비스인천공항 및 호텔 발레파킹 서비스국내 특급호텔 F&B, 스파할인국내외 특급호텔 및 리조트 객실 할인', '쇼핑 2천원당 최대 3마일 적립KB Pay 이용 시,랭킹닭컴 배송완료시 포인트 6배 적립유어버스데이 꽃배달 20% 할인서비스', '문화생활 2천원당 최대 3마일 적립KB Pay 이용 시,내셔널지오그래픽 트래블러 정기구독할인', '이동통신요금 1천원당 1마일리지 적립전월 이용실적 조건 및 적립한도 없음', '편의점 2천원당 최대 3마일 적립KB Pay 이용 시,', '카페 2천원당 최대 3마일 적립KB Pay 이용 시,베이커리 2천원당 3마일리지 적립', '할인점/슈퍼마켓 2천원당 최대 3마일 적립KB Pay 이용 시,', '주유소소 2천원당 최대 3마일 적립KB Pay 이용 시,', '한식/일식/중식/양식업종 2천원당 최대 3마일 적립KB Pay 이용 시,포잉앱에서 결제시 최대 5% 적립', '영화/공연관 2천원당 최대 3마일 적립KB Pay 이용 시,', '교통 1천원당 1마일리지 적립전월 이용실적 조건 및 적립한도 없음', '화장품업종 2천원당 최대3마일 적립KB Pay 이용 시,', '레저 2천원당 최대 3마일 적립KB Pay 이용 시,아고다 국내외 호텔 예약시 12%할인국내, 해외 렌터카 할인국내외 투어 상품 할인 쿠폰 서비스제주도 여행상품 할인 및 특전 제공프리미엄 수행기사 서비스 특전 제공제주도, 해외 골프 특전 제공']"
현대백화점 FIT카드,['쇼핑'],['현대백화점 5% 할인H.Point 최대6만포인트 추가적립현대백화점 2시간 무료주차권 제공무이자할부혜택(명품브랜드최대12개월)']
L.CLASS L60카드(L.POINT형),"['포인트/캐시백', '바우처', '프리미엄', 'Priority Pass']","['L.POINT 1% 적립', '스페셜기프트 연 1회 제공(아래 3개 중 1개 선택)', '롯데호텔, 롯데면세점, 골프프리미엄 서비스 제공', '국내외 공항라운지 무료이용(LoungeKey 서비스)공항 내 다양한 특별 혜택']"
신한카드 Deep Dream,"['연회비지원', '포인트/캐시백', '언제나할인', '영화/공연', '편의점', '통신', '주유소', '쇼핑', '커피전문점', '할인점/슈퍼마켓', '교통', '금융', '교육']","['신규 고객 연회비 100% 캐시백!신규 회원이면 누구나 참여 가능!', '전월실적·적립한도 없이 0.7% 적립DREAM영역반겨드림 5천 포인트 적립', '전월실적·적립한도 없이 0.7% 적립', '영화/공연관 이용금액 0.7% 포인트 적립자주가면 3배, 많이쓰면 5배 적립!', '편의점 이용금액 0.7% 포인트 적립자주가면 3배, 많이쓰면 5배 적립!', '이동통신요금 0.7% 포인트 적립가장 많이 이용한 영역은 5배 적립!', '주말, 전 주유소소 리터당 80원 적립전월실적·적립한도 없이 0.7% 적립', '쇼핑 이용금액 0.7% 포인트 적립자주가면 3배, 많이쓰면 5배 적립!', '모든 커피 업종 이용금액 0.7%적립자주가면 3배, 많이쓰면 5배 적립!', '할인점/슈퍼마켓 이용금액 0.7% 포인트적립자주가면 3배, 많이쓰면 5배 적립!', '교통 이용금액 0.7% 포인트적립택시 이용 3,6,9번째 2천원 할인', '신한금융그룹 우대 서비스', '교육 가맹점 이용금액 0.7% 적립']"
NH농협 올바른POINT UP+ 카드,"['포인트/캐시백', '프리미엄', '금융']","['적립한도없이 0.7~2.2%포인트적립', '국제브랜드 프리미엄 서비스 제공', '이체수수료 통합 월 10회 면제']"
신한카드 핏(Fit),"['연회비지원', '포인트/캐시백']","['신규 고객 연회비 100% 캐시백!신규 회원이면 누구나 참여 가능!', '영역별 5회 이용 시 마다 스탬프적립모든 영역 스탬프 적립 시 추가포인트Flex 영역 10% 적립Flex 영역 적립 한도 업그레이드']"
신한카드 Air One,"['항공', '쇼핑']","['국내외 1,000원당 1마일 기본적립국내 항공/면세업종 이용시 2배 적립해외 이용금액 1,000원당 2마일', '신라면세점 전용앱 더 심플 이용시이용금액 1천원당 1마일 추가 적립']"
신한카드 RPM+,"['연회비지원', '주유소', '프리미엄', '쇼핑', '자동차서비스', '할인점/슈퍼마켓', '교통', '편의점', '포인트/캐시백']","['신규 고객 연회비 100% 캐시백!신규 회원이면 누구나 참여 가능!', '모든 주유소소 리터당 40~150P적립모든 충전소 리터당 10~50P 적립', '인천공항 발렛파킹 무료 서비스전국 40개 호텔 레스토랑,객실 할인인천공항 무료 커피, 레스토랑 할인1일 무료 주차 서비스', '롯데/현대백화점 이용금액 1~5%적립홈쇼핑/온라인몰 이용금액 1~5%적립', '전국 차량정비소/타이어샵 1~5%적립', '롯데마트/이마트/홈플러스 1~5%적립', '택시 이용금액 1~5% 포인트 적립', '전국 편의점 1~5% 포인트 적립', '모든 가맹점 0.2~2% 포인트적립']"
NH농협 올바른HOMETOWN카드,"['할인점/슈퍼마켓', '쇼핑', '종합병원/일반병원/치과병원/한의원/약국/기타의료', '교통', '금융']","['하나로마트/하나로클럽 5% 청구할인', '슈퍼마켓 5% 청구할인홈쇼핑 10% 청구할인', '병의원/약국 5% 청구할인건강식품 10% 청구할인', '교통(버스/지하철) 10% 할인', '보이스피싱 보상보험 무료 가입']"
현대카드 대한항공카드 150,"['항공', '프리미엄', '쇼핑', '커피전문점', '자동차서비스', '바우처', '레저', '문화', '결제대행(PG)']","['웰컴보너스 5천+5천 마일리지 바우처1천원당 1마일, 최대 3마일 적립해외/면세 1천원당 2마일 적립호텔/백화점/골프 1천원당 2마일적립항공/기내면세 1천원당 3마일 적립', 'MasterCard 프리미엄서비스항공 5만원, 기내면세 2만원 할인마티나 골드 라운지 무료 이용공항/호텔 발레파킹 무료 이용특수 소재 플레이트 발급', '백화점/면세점 1천원당 2마일 적립', '커피전문점 스타벅스, 폴바셋, 이디야결제 건당 500원 할인', '서울 및 대도시 주말 무료 주차', '마일리지/항공권/면세점 바우처', '골프장 1천원당 2마일 적립', '슈퍼콘서트 20% 할인현대카드 라이브러리 무료 입장', '단 한번의 클릭으로 온라인 결제 완료대한항공 결제대행(PG)/현대카드 앱카드']"
KB국민 FINETECH카드(마일리지 대한항공),"['연회비지원', '항공', '문화', '커피전문점', '영화/공연', '통신', '쇼핑', '한식/일식/중식/양식', '편의점', '주유소', '할인점/슈퍼마켓', '화장품', '교육', '레저']","['온라인신규신청 연회비 100% 캐시백홈페이지 내 신용카드 최초 발급 시', '대한항공 마일리지 최대 3마일 적립!', '티켓링크·벅스뮤직 최대 3마일 적립공연·전시 등국내  문화가맹점 1.2마일적립', '스타벅스APP사이렌오더 최대3마일적립커피전문점 국내가맹점1.2마일적립', 'CGV 예매시 최대 3마일 적립영화/공연 국내 가맹점 1.2마일 적립', '통신요금 1,500원당 1.2마일적립', '쇼핑업종 1.2마일적립', '한식/일식/중식/양식업종 1,500원당 1.2마일적립', '편의점 1,500원당 1.2마일 적립', '주유소업종 1,500원당 1.2마일적립', '할인점/슈퍼마켓 1,500원당 1.2마일적립', '화장품업종 1,500원당 1.2마일적립', '교육업종 1,500원당 1.2마일적립', '레저업종 1,500원당 1.2마일적립']"
삼성카드 taptap I,"['프리미엄', '교통', '레저', '커피전문점', '영화/공연', '쇼핑', '종합병원/일반병원/치과병원/한의원/약국/기타의료', '문화']","['라이프스타일 패키지 (일상·여가)해외 공항 라운지 무료', 'KTX, SRT등 3만원당 5천원할인', '해외·여행 3% 할인 (해외겸용)여행 3% 할인 (국내전용)', '10대 커피전문점·제과점 30% 할인', '모든 영화/공연관 6,000원 할인', '마켓컬리, 음식점 20% 할인슈퍼마켓·아울렛·백화점 등 3%할인', '동물병원 10,000원 할인', '서점·인터파크티켓 10,000원 할인']"
현대카드ZERO Edition2(포인트형),"['연회비지원', '편의점', '교통', '자동차서비스', '주유소', '커피전문점', '포인트/캐시백', '결제대행(PG)', '할인점/슈퍼마켓']","['신규회원 Welcome 이벤트', '편의점', '교통 2.5%적립', '\u3000', '\u3000', '커피 전문점 2.5%적립', '국내외 가맹점 M포인트 적립', '온라인 결제대행(PG) 서비스2.5% M포인트 적립', '대형 할인점 2.5%적립']"
NH농협 위 테라카드(포인트),"['포인트/캐시백', '바우처', '커피전문점', '프리미엄']","['기본적립 : 국내 1%,해외 2%적립추가적립 : 국내외 주말 2~3%적립', '프리미엄 바우처 서비스 연 1회 제공', '전세계 스타벅스 4천원 청구할인', '전세계 공항 라운지 무료 이용']"
샤롯데 플래티넘 스타 카드,"['바우처', '커피전문점', '영화/공연', '쇼핑', '주유소', '한식/일식/중식/양식', '화장품', '레저']","['샤롯데 플래티넘 스타카드 회원을 위해5만원 상당의 바우처 선물을 매년!', '엔제리너스 둘이 가면 1명은 무료!커피 전문점 5% 청구할인나뚜루,엔제리너스 1천원당 50원할인', '롯데시네마 둘이 가면 1명은 무료!롯데시네마 1,500원 현장할인', '상품권, 엘포인트 교환되는 포인트적립쇼핑업종 2~3개월 무이자 할부 혜택쇼핑 추가 혜택까지!', '전국 주유소소 스타포인트 적립!리터당 50 포인트 적립', ""T.G.I.FRiDAY'S 10%할인미스터피자 15% 현장할인롯데리아 1,000원당 50원 할인"", '박준 화장품랩 20% 현장할인박승철 헤어스투디오 15% 현장할인', '롯데월드 종합이용권 50% 할인롯데호텔 할인']"
신한카드 플리(산리오캐릭터즈),"['언제나할인', '포인트/캐시백']","['국내 이용금액 최대 0.9% 할인해외 이용금액 0.5% 결제일 할인', '마이신한포인트 월 최대 3천P 적립매월 6천원 할인 쿠폰 제공 서비스']"
THE CJ KB국민카드,"['쇼핑', '영화/공연', '한식/일식/중식/양식', '화장품', '커피전문점', 'THE CJ 카드']","[' CJ mall 5% 청구할인올리브영10%할인, 1%적립 추가제공CJ오쇼핑 TV방송·카탈로그 5%할인', '일1회/연12회 건당 최대6천원 할인CGV에서 영화/공연티켓 예매 및 구입 시', 'CJ푸드빌 최대 20% 현장할인VIPS, 제일제면소, 더플레이스 등', 'CJ 올리브영 구매시 10% 현장할인이용금액 1% CJ적립금도 추가 적립', 'CJ푸드빌 10% 현장할인 뚜레쥬르, 투썸플레이스, 주스솔루션', '']"
신한 Hi-Point 카드,"['포인트/캐시백', '주유소', '할인점/슈퍼마켓', '통신', '쇼핑', '레저', '영화/공연', '금융', '항공', '한식/일식/중식/양식', '문화', '편의점', '육아']","['주요 혜택모아 최대 5% 포인트 적립전 가맹점 이용금액 최대 2% 적립!', 'S-OIL 주유소소 리터당 60원 적립현대오일뱅크 리터당 60원 적립주유소시 포인트 전액 결제 가능', '롯데마트·이마트·홈플 최대 5% 적립2~3개월 무이자 할부 서비스', '이동통신요금 자동이체 최대 5% 적립', '롯데·현대백화점 결제 최대 5% 적립CJ오쇼핑·CJmall 최대 5%적립포인트로 백화점/할인점 상품권 교환!2~3개월 무이자 할부 서비스쇼핑 30% 포인트 차감 할인 서비스', '대형 놀이공원 최대 50% 할인!롯데월드/아쿠아리움 포인트 결제 가능', '온라인 영화/공연 예매 할인', '신한투자증권 0.2% 추가 적립마이신한포인트 펀드불입', '대한항공, 아시아나항공 마일리지 전환', '요식 업종 포인트 결제 가능', '벅스/반디앤루니스 포인트 결제 가능', 'CU 전액 포인트 결제 가능', '키자니아 포인트 결제 가능']"
NH농협 쏠쏠카드(SolSol),"['레저', '반려동물', '영화/공연', '커피전문점', '편의점', '주유소', '교통', '쇼핑', '통신', '한식/일식/중식/양식']","['종합스포츠센터/요가 12% 청구할인', '반려동물 업종 12% 청구할인', 'CGV 10% 청구할인', '스타벅스, 이디야 10% 청구할인주요 베이커리 10% 청구할인', '주요 편의점 5% 청구할인', 'SK에너지, NH오일 5% 청구 할인', '버스/지하철 5% 청구할인', '인터넷 쇼핑 3% 청구할인', '주요 통신사 3% 청구할인', '전국 음식점 3% 청구할인']"
홈플러스 삼성카드,"['할인점/슈퍼마켓', '종합병원/일반병원/치과병원/한의원/약국/기타의료', '주유소', '통신', '영화/공연', '문화', '커피전문점']","['홈플러스 최대 5% 결제일할인', '종합병원/일반병원/치과병원/한의원/약국/기타의료비 5% 결제일할인', 'GS칼텍스 리터당 80원 결제일할인', '이동통신 5% 결제일할인', '영화/공연 5천원 결제일할인', '디지털콘텐츠 30% 결제일할인', '커피전문점/제과점 10% 결제일할인']"
K-22(Point),"['포인트/캐시백', '바우처', '프리미엄', '커피전문점', '할인점/슈퍼마켓', '교통']","['TOP포인트 적립', 'Voucher 서비스', 'Premium 서비스', '주요 커피전문점 20% 할인!공항 커피 무료 제공', '백화점·할인점/슈퍼마켓 10% 할인', 'KTX·SRT 10% 할인']"
삼성 iD SIMPLE 카드,"['연회비지원', '쇼핑', '영화/공연', '커피전문점', '한식/일식/중식/양식', '언제나할인']","['온라인신규회원 연회비 100% 캐시백(삼성개인신용카드 신규발급 시 제공)', '온라인쇼핑몰 멤버십 50%할인', '영화/공연 3,000원 할인', '카페업종 0.7 · 1%할인', '한식/일식/중식/양식업종 0.7 · 1%할인', '국내외 가맹점 최대 1%할인']"
LOCA 100,"['연회비지원', '언제나할인', '바우처', '쇼핑', '커피전문점', '문화', '편의점', '할인점/슈퍼마켓', '주유소', '통신', '영화/공연', '교육', '육아', '종합병원/일반병원/치과병원/한의원/약국/기타의료', '화장품', '렌탈', '자동차서비스', '금융', '교통', '한식/일식/중식/양식', '레저']","['신규회원 연회비 100% 캐시백이벤트롯데카드 온라인신청 특별 혜택', '국내외 가맹점에서 최대 1% 할인전월실적 없이 0.5% 할인은 기본!온라인 결제 시 1.5% 결제일 할인', '결제일 할인 혜택으로 사용할 수 있는6만원 Flex Voucher 제공!', '쇼핑 관련 가맹점최대 1% 결제일 할인', '커피전문점 가맹점최대 1% 결제일 할인', '문화 관련 가맹점최대 1% 결제일 할인', '편의점 가맹점최대 1% 결제일 할인', '할인점/슈퍼마켓 가맹점최대 1% 결제일 할인', '주유소소 가맹점최대 1% 결제일 할인', '이동통신 가맹점최대 1% 결제일 할인', '영화/공연관 가맹점최대 1% 결제일 할인', '교육업종 가맹점최대 1% 결제일 할인', '육아 관련 가맹점최대 1% 결제일 할인', '종합병원/일반병원/치과병원/한의원/약국/기타의료 관련 가맹점최대 1% 결제일 할인', '화장품 관련 가맹점최대 1% 결제일 할인', '렌탈 서비스 가맹점최대 1% 결제일 할인', '자동차서비스 서비스 가맹점최대 1% 결제일 할인', '금융업종 가맹점최대 1% 결제일 할인', '교통 가맹점최대 1% 결제일 할인', '한식/일식/중식/양식업종 가맹점최대 1% 결제일 할인', '레저 관련 가맹점최대 1% 결제일 할인']"
KB국민 LGU+ 심플라이트카드,['통신'],"['최대 17,000원 할인LG U+ 통신료 자동이체 시']"
신한카드 YaY,"['연회비지원', '포인트/캐시백', '문화', '한식/일식/중식/양식', '쇼핑', '커피전문점']","['온라인 신규회원 연회비 100%캐시백신규 회원이면 누구나 참여 가능!', '연간 최대 81만 포인트 적립', '넷플릭스, 왓챠 플레이 등 30%적립', '배민, 요기요 등 최대 30% 적립', '온라인쇼핑 월 최대 12,500P적립오늘의집, 런드리고 10% 적립앱마켓, NC소프트 등 10% 적립', '스타벅스 사이렌오더 10%적립와인앤모어 10% 적립']"
NH농협 SKYPASS카드,"['항공', '영화/공연', '쇼핑', '커피전문점', '문화', '레저', '교육']","['이용금액1천5백원당1~3마일리지 적립', 'CGV, 롯데시네마, 메가박스', '국내 면세점/대한항공 기내 면세점웨딩토탈 서비스 5~10% 현장할인', '스타벅스, 커피빈, 탐앤탐스', '국내 서점/서적', '국내외 여행패키지 3~5% 현장할인금강산콘도미니엄 77% 할인해외로밍 현장할인외화 환전 수수료 현장할인보험서비스 무료 가입', '전화영어, 화상영어 현장할인']"
삼성페이 삼성카드 taptap,"['결제대행(PG)', '통신', '영화/공연', '언제나할인', '쇼핑', '편의점', '커피전문점']","['삼성 페이로 결제 시 10% 할인', '이동통신요금 자동납부 시 10% 할인', 'CGV·롯데시네마 5천원 결제일할인', '국내외 가맹점 0.3% 결제일할인', '쇼핑업종 0.3% 결제일할인', '편의점 0.3% 결제일할인', '커피전문점 0.3% 결제일할인']"
삼성 iD POCKET 카드,"['교통', '편의점', '한식/일식/중식/양식', '커피전문점']","['교통 1%·2% 결제일할인', '편의점 1%·8% 결제일할인', '배달앱 1%·8% 결제일할인', '델리·커피전문점 1%·8% 결제일할인']"
CLUB PREMIER 카드 [Travel],"['프리미엄', '쇼핑', '교통', '커피전문점', '포인트/캐시백']","['국내 6대 저가항공 50% 청구할인전 세계 제휴 라운지 무료 입장국제 브랜드 서비스', '국내 면세점 업종 20% 청구할인', '택시 업종 20% 청구할인', '스타벅스, 커피빈 20% 청구할인', '국내외 최대 1.5% 하나머니 적립']"
SK매직 삼성카드,"['렌탈', '생활서비스', '통신']","['최대 1만 3천원 결제일 할인', '아파트생활서비스 정기결제시1,000원할인4대사회보험 정기결제시1,000원할인', '통신요금 정기결제시 1,000원할인']"
NH농협 올바른OIL&PASS 카드,"['주유소', '자동차서비스', '교통', '편의점', '커피전문점', '레저', '통신', '쇼핑', '한식/일식/중식/양식', '화장품']","['전국주유소소/LPG충전소 5% 청구할인[BEST OIL 팩][SMART PASS 팩]', '스피드메이트 엔진오일·와이퍼 무료교환[BEST OIL 팩]', '버스/지하철/택시/철도 7% 청구할인[SMART PASS 팩][BEST OIL 팩]', '편의점 1,000원 청구할인[공통 서비스]', '커피전문점 2,000원 청구할인[공통 서비스]', '[SMART PASS 팩]', '[SMART PASS 팩]', '[SMART PASS 팩]', '[SMART PASS 팩]', '[SMART PASS 팩]']"
BC 바로 알뜰교통 플러스 카드,"['연회비지원', '교통', '편의점', '문화', '커피전문점', '통신', '언제나할인']","['신규발급시 연회비 100% 청구할인', '버스/지하철 15% 결제일 할인매월 최대 15,000원', '편의점 5% 결제일 할인', '매월 자동 결제 되는OTT/스트리밍 15% 결제일 할인', '카페 5% 결제일 할인', '이동통신요금 5% 결제일 할인', '해외 가맹점 3% 결제일 할인']"
신한카드 MY CAR,"['연회비지원', '주유소', '자동차서비스', '하이패스', '커피전문점']","['온라인 신규회원 연회비 100%캐시백신규 회원이면 누구나 참여 가능!', '모든 주유소소 리터당 80원 결제일할인모든 충전소 리터당 40원 결제일할인전기차 충전요금 30% 결제일 할인', '일시불·단기할부 0.2% 캐시백 제공장기할부·자동차서비스금융 매월 캐시백 제공자동차 정비 이용 건별 2만원 할인전국 주차장 월 최대 4천원 할인카카오T 대리운전 2천원 할인', '하이패스 월 최대 1천원 청구 할인', '전국 커피전문점 월 최대 2천원 할인']"
땡겨요 신한카드,"['한식/일식/중식/양식', '편의점']","['땡겨요앱 이용금액 포인트 10% 적립', '편의점 이용금액 포인트 5% 적립']"
L.PAY 신한카드,"['포인트/캐시백', '결제대행(PG)', '할인점/슈퍼마켓', '쇼핑', '프리미엄', '편의점', '교통']","['국내/해외 이용금액 0.1% 적립롯데 더드림영역 최대 7% 적립', '롯데 더드림영역에서 최대 7% 적립', '롯데마트, 롯데슈퍼 최대 7% 적립', '롯데백화점, 롯데홈쇼핑 최대7% 적립', '롯데면세점, 롯데호텔 최대 7% 적립', '세븐일레븐 이용금액 최대 7% 적립', '후불교통 및 택시 이용금액 1% 적립']"
NH올원 Rental&바디프랜드카드,"['렌탈', '레저']","['바디프랜드 월 최대 3만원 렌탈할인', '전국 주요 놀이공원 할인']"
NH농협 국민행복카드(비씨),"['국민행복카드', '종합병원/일반병원/치과병원/한의원/약국/기타의료', '쇼핑', '커피전문점', '한식/일식/중식/양식', '통신', '교통', '레저', '교육', '포인트/캐시백']","['건강보험 임신·출산 진료비 지원청소년 산모 임신, 출산 종합병원/일반병원/치과병원/한의원/약국/기타의료비 지원보육료·유아학비 지원(아이행복카드)첫만남이용권 지원사업', 'A 타입 혜택조산원, 산후조리원 5% 청구할인', 'A 타입 혜택주요 온라인 쇼핑몰 5% 청구할인', 'A, B타입 공통 혜택주요 커피 전문점 20% 청구할인', 'A, B 타입 공통 혜택주요 패밀리레스토랑 10% 청구할인', 'A, B 타입 공통 혜택이동통신요금 자동이체 1천원 청구할인', 'A, B 타입 공통 혜택전국 시내버스, 지하철 5% 청구할인', 'B 타입 혜택놀이공원 자유이용권 50% 현장할인A, B 타입 공통 혜택딸기가 좋아 놀이시설 이용시 청구할인', 'B 타입 혜택어린이집, 유치원 5% 청구할인', 'C 타입 혜택에코머니 포인트 최대 20% 적립']"
신한카드 Mr.Life,"['연회비지원', '생활서비스', '주유소', '통신', '할인점/슈퍼마켓', '쇼핑', '교통', '커피전문점', '한식/일식/중식/양식', '편의점', '종합병원/일반병원/치과병원/한의원/약국/기타의료']","['신규 고객 연회비 100% 캐시백!신규 회원이면 누구나 참여 가능!', '전기·도시가스 10% 할인!', '4대 주유소소 리터당 60원 할인!', 'SKT·KT·LG U+ 10% 할인!인터넷, 집전화, 결합상품 포함 할인', '이마트·롯데마트·홈플러스 10% 할인', '온라인쇼핑몰, 소셜커머스 10% 할인 라이프스타일 푸드 인테이크몰 20%', '택시비 10% 결제일 할인!', '스타벅스,커피빈 등 커피전문점 10%', '한식/일식/중식/양식·커피업종 이용금액 10% 할인!', '모든 편의점 10% 할인!', '병원, 약국 업종 10% 할인!']"
KB국민 WE:SH All 카드,"['연회비지원', '언제나할인', '쇼핑', '문화', '통신', '커피전문점', '편의점', '할인점/슈퍼마켓', '주유소', '한식/일식/중식/양식', '영화/공연', '교통', '화장품']","['온라인신규신청 연회비 100% 캐시백홈페이지 내 신용카드 최초 발급 시', '국내가맹점 실적, 한도 없이 1%할인 해외가맹점 실적 없이 2% 할인', '로켓와우멤버십 등 자동납부 50%할인', '넷플릭스,티빙 등 자동납부 10%할인', 'SKT,KT 등 자동납부요금 5%할인', '전월실적, 한도없이 카페 1%할인전월실적, 한도없이 베이커리 1%할인', '전월실적, 한도없이 편의점 1%할인', '전월실적, 한도없이 할인점/슈퍼마켓 1%할인', '전월실적, 한도없이 주유소업종 1%할인', '전월실적, 한도없이 한식/일식/중식/양식업종 1%할인', '전월실적, 한도없이 영화/공연관 1%할인', '전월실적, 한도없이 교통 1%할인', '전월실적, 한도없이 화장품업종 1%할인']"
삼성 iD AUTO 카드,"['주유소', '하이패스', '자동차서비스', '언제나할인', '할인점/슈퍼마켓', '편의점', '한식/일식/중식/양식', '쇼핑', '커피전문점', '영화/공연']","['주유소 리터당 70원·90원 할인', '하이패스 10% 결제일 할인', '주차장·대리운전 10% 결제일 할인차량 점검 서비스', '국내외 가맹점 0.5% 결제일할인', '할인점 1.5% 결제일 할인', '편의점 1.5% 결제일 할인', '배달앱 1.5% 결제일 할인', '온라인쇼핑몰 1.5% 결제일 할인', '커피전문점 1.5% 결제일 할인', '영화/공연 5천원 결제일 할인']"
NH농협 올원 파이카드,"['교통', '커피전문점', '편의점', '쇼핑', '주유소', '통신', '할인점/슈퍼마켓', '종합병원/일반병원/치과병원/한의원/약국/기타의료', '화장품', '커피전문점', '한식/일식/중식/양식']","['교통(버스/지하철) 5% 청구할인', '주요 커피전문점 20% 청구할인', '국내 주요 편의점 5% 청구할인', '국내 모든 온라인쇼핑몰 최대20%할인잡화 5% 청구할인', '모든 주유소소 최대15%할인', '이동통신 최대20%할인', '국내 할인점/슈퍼마켓 최대20%할인', '전국 병의원 및 약국 최대20% 할인', '잡화점 5% 청구할인', '커피전문점 20% 청구할인', '배달앱 5% 청구할인']"
zgm.일본여행중카드,"['금융', '포인트/캐시백', '프리미엄', '레저']","['해외결제 시 해외서비스수수료 면제', '일본 오프라인 전매장 10%포인트적립해외·국내 생활업종 NH포인트 적립', '전세계 공항 라운지 무료 이용', '익스피디아 객실요금 9% 즉시 할인']"
롯데월드카드 (삼성카드),"['언제나할인', '문화', '레저', '쇼핑', '한식/일식/중식/양식', '주유소', '생활서비스']","['국내 가맹점 0.5% 결제일할인', '온라인서점 7% 결제일할인스트리밍 2천원 결제일할인', '롯데월드 입장권 2인 50% 할인롯데월드 연간이용권 최대 25% 할인롯데월드 기타서비스 최대 50% 할인롯데월드직영기념품샵 10% 할인어드벤처 매직패스프리미엄 구매 혜택', '온라인쇼핑몰 7% 결제일할인신선식품 배송 7% 결제일할인해외 1.5% 결제일할인', '배달앱 7% 결제일할인', '모든 주유소소 7% 결제일할인', '아파트생활서비스 7% 결제일할인']"
LFmall 신용카드,"['쇼핑', '포인트/캐시백']","[' LFmall 이용 시 5% 할인', '전월실적, 적립한도 없이 0.5%적립']"
KB국민 코웨이Ⅱ카드,"['렌탈', '포인트/캐시백', '레저']","['코웨이 렌탈료 월최대 2만원 청구할인', '코웨이 이용금액 연간리워드 적립', '놀이공원 30~50% 현장할인']"
NH농협 올바른OIL카드,"['주유소', '커피전문점', '편의점', '교통', '자동차서비스']","['주유소시 L당 100~150원 청구할인주유소 할인 연계 NH포인트 자동사용', '스타벅스/이디야 10% NH포인트적립', 'CU, GS25 5% NH포인트 적립', '버스,지하철,택시 5% NH포인트적립', '카카오T대리 10% NH포인트적립자동차서비스 오아시스 차량 경정비 현장 할인']"
삼성 BIZ iD BENEFIT 카드,"['언제나할인', '금융', '생활서비스', '쇼핑', '할인점/슈퍼마켓', '주유소', '통신', '렌탈']","['국내 가맹점 0.5% 결제일 할인', '4대 사회보험 1.5% 결제일할인부가세환급 편의지원서비스전자세금계산서 월 250건 무료', '도시가스요금·전기요금 1.5% 할인', '온라인쇼핑몰·해외 1.5% 결제일할인', '할인점 1.5% 결제일할인', '주유소·전기차충전요금 3% 결제일할인', '이동통신·인터넷/유선통신 3% 할인', '렌탈·보안·방역 3% 결제일할인']"
현대카드ZERO Edition2(할인형),"['연회비지원', '할인점/슈퍼마켓', '편의점', '교통', '커피전문점', '언제나할인', '결제대행(PG)']","['신규회원 Welcome 이벤트', '대형 할인점 1.5% 청구할인', '편의점 1.5% 청구할인', '교통 1.5%청구할인', '커피 전문점 1.5% 청구할인', '국내외 가맹점 청구할인', '온라인 결제대행(PG) 서비스1.5%청구할인']"
삼성 iD ENERGY 카드,"['연회비지원', '자동차서비스', '하이패스', '교통', '커피전문점', '주유소']","['온라인신규회원 연회비 100% 캐시백(삼성개인신용카드 신규발급 시 제공)', '주차장·대리운전 10% 결제일할인스피드메이트 차량 점검 서비스', '고속도로 통행료 10% 결제일할인', '버스·지하철·택시 10% 결제일할인', '스타벅스 DT 30% 결제일할인', '주유소 건별 10,000원 결제일할인전기차 충전요금 10% 결제일할인']"
원더카드 DAILY,"['교통', '편의점', '문화', '쇼핑']","['교통 10%할인', '편의점 10% 청구할인', '영상스트리밍 40% 청구할인', '온라인식품 & 쇼핑 10% 할인']"
디지로카 Monaco,"['연회비지원', '언제나할인', '쇼핑', '결제대행(PG)', '바우처', '한식/일식/중식/양식', '통신', '문화', '프리미엄']","['신규회원 연회비 100% 캐시백이벤트롯데카드 첫 발급 고객 혜택!', '국내외 가맹점에서 1% 할인실적·한도 없이 혜택 제공', '온라인 쇼핑 최대 5% 결제일 할인', '네이버페이 최대 5% 결제일 할인', '롯데상품권카드 5만원 증정', '배달앱 5% 결제일 할인', '이동통신 업종 5% 결제일 할인', '스트리밍 서비스 50% 결제일 할인', 'Mastercard Platinum']"
롯데백화점 롯데카드,"['연회비지원', '쇼핑']","['신규회원 연회비 100% 캐시백이벤트롯데카드 온라인 신청 특별 혜택', '롯데백화점 15% 청구할인 서비스롯데백화점 5%현장할인 e-쿠폰 제공롯데백화점 12개월 할부 서비스']"
카드의정석 NEW우리V카드,"['할인점/슈퍼마켓', '쇼핑', '주유소', '종합병원/일반병원/치과병원/한의원/약국/기타의료', '교육', '한식/일식/중식/양식', '커피전문점', '통신', '영화/공연', '레저', '금융', '체크카드겸용']","['전국 할인점/슈퍼마켓 5%청구할인', '전국 백화점 5% 청구할인', '전국 주유소소 5% 청구할인', '전국 병의원 5% 청구할인', '전국 모든 학원 5%청구할인', '패밀리레스토랑 할인', '커피 20% 청구할인', '통신비 자동이체 3%청구할인', '영화/공연관람권 6천원 청구할인', '놀이공원 할인골프부킹호텔 할인', '우리은행 수수료 면제서비스할부전환 서비스무이자할부 서비스', 'Two-in-one 결제서비스']"
현대카드Z ontact,"['문화', '쇼핑', '한식/일식/중식/양식', '커피전문점', '결제대행(PG)']","['넷플릭스, 유튜브프리미엄, 왓챠 등디지털콘텐츠 이용금액의 30%청구할인', '온라인쇼핑 월 멤버십이용금액 70% 청구할인', '배달 앱 이용금액의 10%청구할인', '커피전문점 스마트오더이용금액의 50% 청구할인', '온라인 결제대행(PG) 서비스이용금액 10% 청구할인']"
NH농협 올바른POINT UP 카드,"['포인트/캐시백', '프리미엄', '금융']","['적립한도없이 0.7~2%NH포인트적립', '국제공항 라운지 무료이용', '이체수수료 통합 월 10회 면제']"
NH농협 SOHO 다사로이+카드,"['생활서비스', '커피전문점', '문화', '언제나할인', '쇼핑', '프리미엄']","['4대사회보험·전기요금 5% 특별할인', '스타벅스 30% 특별할인', '넷플릭스, 멜론 30% 특별할인', '국내, 해외 이용가맹점 0.5% 할인', '사업경비,해외요금0.5%~1.5%할인', '국제 브랜드 프리미엄 서비스 제공']"
신세계 THE S VIP 삼성카드,"['쇼핑', '언제나할인', '영화/공연', '커피전문점', '한식/일식/중식/양식', '레저', '교육', '할인점/슈퍼마켓', '통신', '종합병원/일반병원/치과병원/한의원/약국/기타의료', '자동차서비스', '프리미엄']","['신세계백화점 1% 결제일할인신세계백화점 제휴 서비스', '모든 가맹점 0.5% 결제일할인', '모든 영화/공연관 1만원 결제일할인', '커피전문점 20% 결제일할인', 'VIPS·계절밥상 2만원 결제일할인', '놀이공원 50%·워터파크 30% 할인', '교육 1.5% 결제일할인', '할인점 1.5% 결제일할인', '이동통신 1.5% 결제일할인', '병원, 약국 1.5% 결제일할인', '닥터카서비스 엔진오일교환 2만원 할인', '공항라운지 무료, 호텔 무료 발렛파킹(해외겸용카드 신청 시)']"
NH농협 SOHO 다사로이OIL카드,"['주유소', '생활서비스', '통신', '자동차서비스', '결제대행(PG)']","['전 주유소소 및 LPG 5% 청구할인', '4대사회보험·전기요금 0.5%청구할인', '이동통신 요금 0.5% 청구할인', '엔진오일 및 와이퍼 무료교환 서비스차량 구매액 1% 청구할인', '카카오T대리 자동결제 10% 청구할인']"
the Purple osee,"['항공', '포인트/캐시백', '바우처', 'Priority Pass', '프리미엄', '문화', '한식/일식/중식/양식']","['항공형 선택시 마일리지 적립연 1회 로열티 보너스 제공(연간 4천만원 이용시, 옵션 택1)', 'M포인트형 선택 시 M포인트 적립연 1회 로열티 보너스 제공(연간 4천만원 이용시, 옵션 택1)', '트래블/호텔/쇼핑 영역에서연1회 최대60만원 상당 바우처 제공(취향대로 직접 설계, 사용 가능)', '전세계 공항 라운지 무료 이용 가능한Priority Pass 카드 제공', '특수 소재 플레이트 무료 제공무료발레파킹서비스제공(호텔 및 공항)the Purple 회원전용상담데스크', '현대카드 슈퍼콘서트회원 전용 선예매 혜택 제공', '현대카드 클럽서비스 이용 시 우대혜택']"
신세계 the Mile 하나카드,['항공'],['신세계 5천원 결제 시 10마일 적립국내/외 가맹점 결제 시 7마일 적립']
LOCA LIKIT Shop,"['연회비지원', '편의점', '쇼핑', '화장품']","['신규회원 연회비 100% 캐시백이벤트롯데카드 온라인신청 특별 혜택', 'LOCA LIKIT Shop으로편의점 60% 결제일 할인', 'LOCA LIKIT Shop으로온라인 쇼핑?쇼핑 멤버십 60% 할인', 'LOCA LIKIT Shop으로미용실 60% 결제일 할인']"
신한카드 Deep Once,"['연회비지원', '생활서비스', '문화', '렌탈']","['신규 고객 연회비 100% 캐시백!신규 회원이면 누구나 참여 가능!', '공과금 납부 연간 최대 21만P 적립월 최대 6,000 포인트 적립', '넷플릭스,멜론 등 연 최대21만P적립월 최대 6,000포인트 적립', '렌탈서비스 연간 최대 42만P 적립월 최대 7,000 포인트 적립']"
삼성 iD VITA 카드,"['연회비지원', '금융', '할인점/슈퍼마켓', '렌탈', '통신', '쇼핑', '언제나할인', '종합병원/일반병원/치과병원/한의원/약국/기타의료']","['온라인신규회원 연회비 100% 캐시백(삼성개인신용카드 신규발급 시 제공)', '보험 10% 결제일할인', '할인점 10% 결제일할인', '렌탈 10% 결제일할인', '이동통신 10% 결제일할인', '온라인쇼핑몰멤버십 10% 결제일할인[화장품] 헬스/화장품 20% 결제일할인', '해외 1% 결제일할인', '병원, 의원, 약국 20% 결제일할인']"
KB국민 SK매직 올림카드,"['렌탈', '레저', '영화/공연']","['SK매직 렌탈료 최대 2만원 청구할인', '롯데월드, 에버랜드 50% 할인캐리비안베이 30% 할인', '1매당 3,500원 청구할인인터파크 영화/공연 예매 시 ']"
신한카드 Deep Making,"['연회비지원', '포인트/캐시백', '커피전문점', '레저', '통신', '편의점', '주유소', '쇼핑', '한식/일식/중식/양식', '교육', '종합병원/일반병원/치과병원/한의원/약국/기타의료', '교통', '프리미엄']","['신규 고객 연회비 100% 캐시백!신규 회원이면 누구나 참여 가능!', '혜택에 맞춰 총 포인트 적립 17% 쇼핑,여행,푸드,생활 다양한 적립혜택', '스타벅스·커피빈 등 최대 5% 적립베이커리 최대 5% 포인트 적립', '항공권 결제 최대 5% 적립해외 일시불 결제 최대 5% 적립', '통신사 자동이체 최대 5% 포인트적립', 'GS25·CU 등 최대 5% 적립', '주유소소·충전소 최대 5% 포인트 적립', '주요 백화점 최대 5% 포인트 적립할인점/슈퍼마켓 최대 5% 포인트 적립홈쇼핑 최대 5% 포인트적립G마켓·옥션·11번가 최대 5% 적립소셜커머스 최대 5% 포인트 적립패션·화장품 최대 5% 포인트 적립', '요기요·배달의민족 최대 5% 적립', '학원·학습지 업종 최대 5% 적립', '병원·동물병원 최대 5% 적립', '버스·지하철 최대 5% 적립', '면세점 최대 5% 적립']"
삼성카드 & MILEAGE PLATINUM(스카이패스),"['연회비지원', '프리미엄', '쇼핑', '주유소', '커피전문점', '편의점', '교통', '항공']","['온라인신규회원 연회비 100% 캐시백(삼성개인신용카드 신규발급 시 제공)', '면세점·호텔·스파 등 아멕스 서비스인천공항 마티나라운지, 발렛파킹 무료', '신세계·롯데·현대·갤러리아 등1천원당 스카이패스 2마일리지 적립', 'S-OIL·GS칼텍스·SK에너지 등1천원당 스카이패스 2마일리지 적립', '스타벅스·커피빈·카페베네·할리스 등1천원당 스카이패스 2마일리지 적립', 'CU·세븐일레븐·GS25·미니스톱 등1천원당 스카이패스 2마일리지 적립', '택시 천원당 스카이패스 2마일리지적립', '스카이패스 1천원당 1마일리지 적립특별적립처 1천원당 2마일리지 적립']"
신한카드 Deep Once Plus,"['연회비지원', '생활서비스', '문화', '커피전문점', '렌탈']","['신규 고객 연회비 100% 캐시백!신규 회원이면 누구나 참여 가능!', '공과금 납부 연간 최대 21만P 적립월 최대 6,000포인트 적립', '넷플릭스,멜론 등 연 최대21만P적립월 최대 6,000포인트 적립', '카페,편의점, 해외 연 최대9만P적립월 최대 3,000포인트 적립', '렌탈비 연간 최대 42만P 적립월 최대 7,000포인트 적립']"
신한카드 Simple+,"['연회비지원', '포인트/캐시백', '커피전문점', '편의점', '할인점/슈퍼마켓', '통신', '쇼핑', '한식/일식/중식/양식', '영화/공연', '교통', '문화', '화장품', '생활서비스', '주유소', '육아', '종합병원/일반병원/치과병원/한의원/약국/기타의료', '교육', '레저', '언제나할인']","['신규 고객 연회비 100% 캐시백!신규 회원이면 누구나 참여 가능!', '1천원 미만 잔돈(Coin)은 할인!이동통신요금 자동이체시 추가 0.7%', '커피전문점 이용금액 0.7% 캐시백2만원~10만원 결제금액 잔돈 할인!', '주요 편의점 이용금액 0.7% 캐시백2만원~10만원 결제금액 잔돈 할인!', '할인점/슈퍼마켓 이용금액 0.7% 캐시백!2만원~10만원 결제금액 잔돈 할인!', '이동통신요금 0.7% 캐시백 제공SKT·KT·LG자동이체시 총1.4%', '전월실적 상관없이 0.7% 캐시백!2만원~10만원 결제금액 잔돈 할인!', '전월실적 상관없이 0.7% 캐시백!2만원~10만원 결제금액 잔돈 할인!', '온라인 영화/공연 예매 할인', '교통 이용금액 0.7% 캐시백!전월실적 상관없이 캐시백 혜택 제공', '모든 문화 이용금액 0.7% 캐시백전월실적 상관없이 캐시백 혜택 제공', '화장품업종 전 가맹점 0.7% 캐시백전월실적 상관없이 캐시백 혜택 제공', '생활서비스 결제금액 0.7% 캐시백전월실적 상관없이 캐시백 혜택 제공', '주유소 이용금액 0.7% 캐시백 제공!전월실적 상관없이 캐시백 혜택 제공', '모든 육아 결제금액 0.7% 캐시백전월실적 상관없이 캐시백 혜택 제공', '전월실적 상관없이 0.7% 캐시백!2만원~10만원 결제금액 잔돈 할인', '전국 교육 가맹점 0.7% 캐시백!전월실적 상관없이 캐시백 혜택 제공', '레저업종 전 가맹점 0.7% 캐시백!전월실적 상관없이 캐시백 혜택 제공', '전월실적 상관없이 0.7% 캐시백!']"
THE iD. TITANIUM (포인트),"['연회비지원', '포인트/캐시백', '문화', '레저', '쇼핑', '바우처', '프리미엄']","['온라인신규회원 연회비 10만원 캐시백(삼성개인신용카드 신규발급 시 제공)', '국내 가맹점 1.2% 빅포인트 적립특별 가맹점 1.5% 빅포인트 적립', '라이프스타일 50,000원 할인', '라이프스타일 50,000원 할인', '라이프스타일 50,000원 할인', '기프트 서비스 (택 2) ', '국내외 공항 라운지 무료 서비스VISA 프리미엄 서비스국내 특급 호텔 발렛파킹 서비스인천/김포공항 발렛파킹 서비스Dining Privilege 서비스특수 소재 카드']"
LOTTE ONers 롯데카드,['쇼핑'],['L.POINT 최대 3% 적립']
LOCA PLATINUM(마일리지형),"['항공', '바우처', '프리미엄']","['기본적립 1,500원당 1마일리지특별적립 1,000원당 1마일리지', '특급호텔 F&B 5만원 이용권', 'Mastercard Platinum']"
NH농협 SOHO 다사로이카드,"['생활서비스', '언제나할인', '쇼핑']","['4대사회보험·전기요금 5% 특별할인', '국내·해외 이용가맹점 0.5% 할인', '사업경비·해외요금0.5%~1%추가할인']"
IBK I-알뜰교통 플러스,"['교통', '주유소', '통신', '한식/일식/중식/양식', '영화/공연', '레저']","['교통 최대 회당 300원 할인!', '휘발유, 등유, 경유, LPG 포함!', 'SKT, KT, LG U+ 통신3사', '패밀리 레스토랑 아웃백, 빕스 등', '인터파크, CGV 통해 예매시', '레저']"
My Trip SKYPASS 카드,"['항공', '레저']","['대한항공 마일리지 적립한도 없이 적립', '진에어 항공권 구매 시 5% 청구할인']"
KB국민 와이즈홈카드,"['생활서비스', '통신', '교육', '교통', '할인점/슈퍼마켓']","['아파트 생활서비스 자동납부시 10% 할인', '휴대폰요금 자동납부시 10% 할인', '학원 및 독서실 업종 5% 할인', '버스, 지하철 5% 할인', '이마트, 롯데마트, 홈플러스 5%할인']"
THE iD. PLATINUM (포인트),"['연회비지원', '포인트/캐시백', '문화', '커피전문점', '바우처', '프리미엄']","['온라인신규회원 연회비 10만원 캐시백(삼성개인신용카드 신규발급 시 제공)', '국내 가맹점 1% 빅포인트 적립생활 편의영역 1.2% 빅포인트 적립특별 가맹점 1.5% 빅포인트 적립', '디지털콘텐츠 50% 할인', '스타벅스 3,000원 할인', '기프트 서비스 (택 1) ', '국내외 공항 라운지 무료 서비스Mastercard 프리미엄 서비스국내 특급 호텔 무료 발렛파킹인천공항 무료 발렛파킹Dine with Mastercard특수 소재 카드']"
모두렌탈 KB국민카드,['렌탈'],['모두렌탈 자동납부요금매월 최대 1만7천원 할인']
LOCA 환승 카드,"['연회비지원', '포인트/캐시백']","['신규회원 연회비 100% 캐시백롯데카드 온라인 신청 특별 혜택', '최대 5만원 환승 캐시백 혜택!띵샵 환승 프로젝트 구매 시']"
미래에셋 현대카드 Gold,"['포인트/캐시백', '금융', '바우처', '프리미엄', '쇼핑', '커피전문점', '한식/일식/중식/양식', '편의점', '문화']","['업종별 최대 3% 스탁마일리지 적립연간 5만 스탁마일리지 스페셜 적립', '미래에셋증권 골드 등급 적용', '10만원 상당 바우처 제공(연1회)', '공항 라운지 무료 이용메탈 소재 카드 플레이트 제공', '백화점 최대 3% 특별적립프리미엄 아울렛 최대 3% 특별적립온라인쇼핑 최대 2% 특별적립', '커피전문점 최대 2% 특별적립', '배달 앱 최대 2% 특별적립', '편의점 최대 2% 특별적립', '디지털 콘텐츠 최대 2% 특별적립']"
티머니 Pay & GO 신한카드,"['교통', '쇼핑', '편의점', '통신', '커피전문점']","['모바일티머니앱 교통30%결제일할인티머니GO앱 20% 결제일 할인', '4대 백화점 5% 결제일 할인', '5대 편의점 5% 결제일 할인', '이동통신요금 자동이체 5% 결제일할인', '커피전문점 5% 결제일 할인']"
참! 좋은 kt wiz 카드,"['할인점/슈퍼마켓', '주유소', '영화/공연', '한식/일식/중식/양식', '레저', '쇼핑', '포인트/캐시백', '커피전문점']","['이마트,홈플러스,롯데마트,농협하나로할인점/슈퍼마켓 5% 할인!', '전 주유소소(유류, LPG 포함)리터당 60원 할인!', '전국 영화/공연관 및 인터넷 예매시영화/공연 8,000원 할인!', '불고기브라더스 20% 현장 할인패밀리레스토랑 20% 할인!', '놀이공원 할인 월 1회, 연2회 한도수원 kt wiz 입장권 3천원 할인', 'KT위즈파크내 야구용품점 10% 할인쿠팡, 티몬, 위메프 20%할인', 'TOP 포인트 이용실적에 따라 0.2%~0.4% 까지 제공!', '스타벅스, 커피빈, 카페베네 등주요 커피전문점 20% 할인!']"
T 라이트 삼성카드,"['통신', '커피전문점', '한식/일식/중식/양식', '편의점']","['SKT라이트할부 월 최대 2만원할인(할부수수료율 연 5.9%~7%)SKT 24·36개월 라이트할부할부 미이용 자동납부 최대 8천원할인', '커피전문점 5% 결제일할인', '배달앱 5% 결제일할인', '편의점 5% 결제일할인']"
코웨이 IBK카드,['렌탈'],"['코웨이 렌탈료 자동이체 결제 시월 최대 23,000원 할인']"
KB국민 알뜰교통플러스카드,"['교통', '통신', '커피전문점', '종합병원/일반병원/치과병원/한의원/약국/기타의료', '편의점', '영화/공연', '한식/일식/중식/양식', '결제대행(PG)']","['버스, 지하철 10%청구할인', '이동통신요금 자동납부시 5% 청구할인', '카페 최대 10% 청구할인KB Pay 이용시,', '약국 최대 10% 청구할인KB Pay 이용시,', '편의점 최대 10% 청구할인KB Pay 이용시,', 'CGV, 롯데시네마 최대 10% 할인KB Pay 이용시,', '패스트푸드점 최대 10% 청구할인KB Pay 이용시,', 'KB Pay 5% 추가할인']"
삼성 iD NOMAD 카드,"['바우처', '포인트/캐시백', '프리미엄', '문화', '쇼핑', '영화/공연', '한식/일식/중식/양식']","['기프트 서비스 (연3회)', '국내외 가맹점 최대 2% 빅포인트적립', '공항 라운지 무료 입장Mastercard 프리미엄 서비스국내 특급 호텔 무료 발렛파킹인천공항 무료 발렛파킹Dine with Mastercard', '디지털콘텐츠 50% 할인', '멤버십 50% 할인', '영화/공연 5,000원 할인', '쉐이크쉑/써브웨이 30% 할인']"
Deep Dream Platinum+ (미니언즈),"['프리미엄', '포인트/캐시백', '쇼핑', '커피전문점', '편의점', '교통', '주유소', '영화/공연', '화장품', '레저', '금융', '통신', '할인점/슈퍼마켓']","['제주항공·에어부산 10% 할인', '적립한도 없이０.7~1.1% 기본적립DREAM영역 이용시 최대5.5%적립해외 이용금액 10% 캐시백DREAM영역', '3대 백화점 최대 5.5% 적립기본 0.7~1.1% 한도없이 적립다이소 이용금액 최대 5.5% 적립', '커피 업종 이용금액 최대 5.5%적립기본 0.7~1.1% 한도없이 적립', '3대 편의점 이용시 최대 5.5%적립기본 0.7~1.1% 한도없이 적립', '택시 이용 3,6,9번째 2천원 할인교통 이용금액 최대 1.1% 적립', '주말, 전 주유소소 리터당 80원 적립기본 0.7~1.1% 한도없이 적립', '영화/공연관 이용금액 최대 5.5% 적립기본 0.7~1.1% 한도없이 적립', '올리브영 최대 5.5% 포인트 적립기본 0.7~1.1% 한도없이 적립', '골프 업종 이용금액 최대 5.5%적립기본 0.7~1.1% 한도없이 적립', '신한금융투자 온라인주식매매 수수료우대신한은행 전자금융 수수료 면제', '이동통신요금 최대 5.5% 포인트적립', '할인점/슈퍼마켓 이용금액 최대 5.5% 적립기본 0.7~1.1% 한도없이 적립']"
KB국민 KB Pay 챌린지카드,"['연회비지원', '포인트/캐시백']","['온라인신규신청 연회비 100% 캐시백홈페이지 내 신용카드 최초 발급 시', 'KB Pay 3회당 1천포인트리 적립매주 포인트리 1천점 적립']"
KB국민 위메프페이 신용카드,"['포인트/캐시백', '커피전문점', '편의점', '한식/일식/중식/양식', '화장품', '레저', '문화', '결제대행(PG)', '쇼핑']","['위메프 2%, 위메프오 1%적립전 가맹점 이용금액의 0.2%적립', '카페 이용 시 위메프포인트 5% 적립', '편의점 이용 시 위메프포인트5% 적립', '맥도날드 등 위메프포인트 5% 적립패밀리레스토랑 위메프포인트 5% 적립', '미용실 이용 시 위메프포인트 5%적립', '골프·골프연습장 이용 시 위메프포인트 5% 적립', '넷플릭스·웨이브 이용 시 위메프포인트 5% 적립', '', '']"
무민 카드(신용),"['커피전문점', '쇼핑', '할인점/슈퍼마켓', '교통', '주유소', '레저', '편의점', '금융', '영화/공연']","['주요 커피전문점 20% 할인!', '온라인쇼핑 20% 할인!', '할인점/슈퍼마켓 이용시 5% 할인!', '교통비용 건당 200원 할인!', '주유소 비용 리터당 60원 할인!', '레저', 'GS25,CU,세븐일레븐 10% 할인', '금융우대서비스 제공!', '영화/공연 1만원 할인!']"
Coffee Bean 신용카드,"['커피전문점', '편의점', '종합병원/일반병원/치과병원/한의원/약국/기타의료', '한식/일식/중식/양식', '주유소', '교육', '레저', '화장품']","['커피빈 이용·카드 충전 시 청구할인커피빈 모바일 쿠폰 제공', '편의점 5% 청구 할인 ', '약국 5% 청구 할인 ', '패밀리레스토랑  5% 청구 할인패스트푸드 5% 청구 할인 ', '주유소소·충전소 5% 청구 할인 ', '학원 5% 청구 할인 ', '골프·골프연습장 5% 청구 할인 ', '미용실 5% 청구 할인 ']"
IBK 국민행복카드,"['국민행복카드', '종합병원/일반병원/치과병원/한의원/약국/기타의료', '쇼핑', '교육', '레저', '교통', '통신', '육아', '커피전문점', '한식/일식/중식/양식', '포인트/캐시백', '그린카드']","['국가바우처(정부지원금)', '산모, 신생아 건강관리 지원사업!', 'G마켓,옥션,11번가,쿠팡,티몬 등', '어린이집 및 유치원 5% 할인!', '롯데월드, 에버랜드, 서울랜드 등', '전국 시내버스, 지하철 할인', '이동통신요금 자동이체시', '딸기가 좋아 매장 5% 청구 할인매장내 이용시  5% 청구 할인', '스타벅스, 커피빈, 카페베네', '아웃백, TGIF, VIPS', '에코머니 포인트 적립', '그린카드 멤버십서비스(공통서비스)']"
카드의정석SHOPPING,"['쇼핑', '결제대행(PG)', '주유소', '커피전문점']","['온라인 쇼핑 10% 청구할인오프라인 쇼핑 10% 청구할인', '온라인업종4대PAY결제시 5%추가할인', '4대주유소소주말주유소시리터당60원청구할인', '스타벅스,폴바셋 10% 청구할인']"
LOCA 나누기 카드,"['연회비지원', '납부 혜택']","['신규회원 연회비 100% 캐시백이벤트롯데카드 온라인신청 특별 혜택', '이용금액에 따라3개월,6개월로 나누기추가 수수료 없는 납부 혜택!LOCA 나누기 혜택이란?']"
KB국민 레고랜드 카드,"['레저', '한식/일식/중식/양식', '커피전문점', '쇼핑', '할인점/슈퍼마켓', '교육', '결제대행(PG)', '포인트/캐시백']","['레고랜드 코리아 이용권 10% 할인레고랜드 리조트 10% 할인', ' 배달의민족, 요기요 10% 할인패스트푸드 10% 할인', '커피전문점 10% 할인제과/아이스크림점 10% 할인', '마켓컬리 10% 할인G마켓, 옥션, 11번가 5% 할인쿠팡, 위메프, 티몬 5% 할인문방구점 업종 5% 할인', '이마트, 롯데마트, 홈플러스 5%할인', '학습지 업종 5% 할인', 'KB Pay 온라인쇼핑 결제 추가할인', '해외 가맹점 이용 5% 캐시백']"
카드의정석 EVERY 1,"['연회비지원', '언제나할인', '쇼핑', '레저', '커피전문점', '편의점', '할인점/슈퍼마켓', '종합병원/일반병원/치과병원/한의원/약국/기타의료', '화장품', '교통', '한식/일식/중식/양식', '영화/공연', '렌탈', '교육', '문화', '육아', '통신']","['온라인 신규 연회비 100% 캐시백', '기본 할인추가할인할인 제공 시 유의사항실적 산정 방법 안내', '쇼핑 1% 청구할인', '항공사 1% 청구할인', '커피전문점 1% 청구할인', '편의점 1% 청구할인', '할인점/슈퍼마켓 1% 청구할인', '종합병원/일반병원/치과병원/한의원/약국/기타의료 업종 1% 청구할인', '화장품 업종 1% 청구할인', '교통 1% 청구할인', '음식점 1% 청구할인', '영화/공연 이용금액 1% 청구할인', '렌탈 이용금액 1% 청구할인', '교육 이용금액 1% 청구할인', '문화 업종 이용금액 1% 청구할인', '육아 이용금액 1% 청구할인', '통신 이용금액 1% 청구할인']"
현대카드X2 BOOST,"['결제대행(PG)', '언제나할인', '커피전문점', '자동차서비스']","['온라인 결제대행(PG) 5% 할인', '모든가맹점 실적별 1%~1.5%할인', '현대카드 플래티넘 서비스커피전문점 건당 1,000원 청구할인', '현대카드 플래티넘 서비스주말 무료주차']"
현대백화점 해피포인트카드,"['포인트/캐시백', '쇼핑']","['가맹점에서 1천원이상 구매시 5%적립해피포인트로 즐기는 다양한 혜택', '3개월 무이자 할부 제공5% 할인쿠폰 혜택 제공차량 이용시 2시간 무료주차권 제공']"
NH농협 펫블리(PETvely) 카드,"['포인트/캐시백', '금융', '쇼핑', '커피전문점', '프리미엄']","['반려동물 업종 7% NH포인트 적립', '반려동물 배상책임보험 무료 제공', '대형 오픈마켓 5% NH포인트 적립', '커피전문점 업종 5% 청구할인', '국제 브랜드 프리미엄 서비스']"
현대백화점카드,['쇼핑'],['3개월 무이자 할부 제공차량 이용시 2시간 무료주차권 제공5% 할인쿠폰 혜택 제공']
NH농협 위카드,"['포인트/캐시백', '바우처', '프리미엄']","['연간이용금액에 따라 매년 1회 캐시백전 가맹점, 온라인, 해외 적립!', '혜택 별 바우처 총 8종 중 택 1매년1회 최대 18만원 상당의 바우처', '국내·외 공항 라운지 무료 이용국제 브랜드 프리미엄 서비스']"
LOCA MONEY (로카 머니),"['연회비지원', '포인트/캐시백']","['신규회원 연회비 100% 캐시백이벤트롯데카드 온라인 신청 특별 혜택', '로카코인 기본 1%, 최대 2% 적립국내외 가맹점에서 한도 제한없이 적립로카코인 사용 안내']"
기업은행 Oil & Life카드 (Oil),"['주유소', '레저', '통신', '자동차서비스', '바우처', '영화/공연']","['GS칼텍스 주유소서비스리터당 120원 할인!', '롯데월드, 에버랜드, 서울랜드 등 전국 놀이공원 할인', 'SKT, KT, LGT 통신 3사휴대폰 이용금액 3% 할인', 'autoOasis정비 최대 2만원할인', 'Prime 서비스알뜰쿠폰365쿠폰Life Prime 서비스 이용방법Oil PrimeOil Prime 서비스 이용방법', 'CGV, 롯데시네마 영화/공연2,000원 현장할인제공!']"
현대카드Z work,"['편의점', '교통', '커피전문점', '통신', '결제대행(PG)']","['편의점 이용금액의 10% 청구 할인', '교통 이용금액의 10%청구 할인', '커피전문점 이용금액의 50% 청구할인', '이동통신요금 정기결제 시 7%청구할인', '온라인 결제대행(PG) 서비스이용금액의 10% 청구할인']"
NH농협 올바른MYPICK 카드,"['커피전문점', '교통', '한식/일식/중식/양식', '편의점', '쇼핑', '문화', '주유소', '레저', '자동차서비스', '종합병원/일반병원/치과병원/한의원/약국/기타의료', '화장품', '영화/공연', '프리미엄', '금융', '포인트/캐시백']","['[기본서비스]전세계스타벅스/국내 카페 5%청구할인[FOOD PACK]베이커리 5% 청구할인', '[기본서비스]전국 택시, 교통 5% 청구할인', '[FOOD PACK]전세계 음식점 5% 청구할인', '[FOOD PACK]편의점 5% 청구할인', '[기본서비스]해외 전가맹점 5% 청구할인[SHOPPING PACK]온/오프라인 쇼핑 5% 청구할인[SHOPPING PACK]국내 면세점 5% 청구할인', '[SHOPPING PACK]전국 서점 5% 청구할인[HEALTH&BEAUTY PACK]스포츠 경기,공연 예매 5% 청구할인', '[TRAVEL PACK]전국주유소소/LPG충전소 5% 청구할인', '[TRAVEL PACK]국내외 여행/숙박 예약 5% 청구할인', '[TRAVEL PACK]스피드메이트 엔진오일 교환시 현장할인', '[MEDI PACK]전국 병원, 동물병원 5% 청구할인전국 약국 5% 청구할인한삼인, 종합병원/일반병원/치과병원/한의원/약국/기타의료기 판매점 5% 청구할인', '[HEALTH&BEAUTY PACK]미용/H&B 스토어 5% 청구할인헬스클럽/필라테스/요가골프연습장/수영장 5% 청구할인', '[HEALTH&BEAUTY PACK]영화/공연 5% 청구할인', '국제 공항 라운지 무료이용', '전자금융 수수료 면제', '이용감사 보너스 포인트 제공']"
I-PET카드,"['반려동물', '쇼핑', '커피전문점', '할인점/슈퍼마켓', '편의점']","['동물병원, 반려동물 관련업종30%할인', '쇼핑', '커피 10% 할인', '이마트,롯데마트,홈플러스 5% 할인', 'GS25,CU,세븐일레븐 5% 할인']"
zgm.play카드,"['쇼핑', '문화', '통신', '레저', '교통', '영화/공연', '커피전문점', '한식/일식/중식/양식', '화장품', '편의점']","['인앱결제 10% 청구할인올리브영 5% 청구할인쿠팡, 티몬 5% 청구할인', 'PC게임 충전 결제 10% 청구할인PC게임방 10% 청구할인온라인서점 5% 청구할인오프라인서점 5% 청구할인', '이동통신요금 10% 청구할인', '피트니스업종 10% 청구할인놀이공원 현장할인', '교통 10% 청구할인', 'CGV,롯데시네마,메가박스 청구할인', '스타벅스,투썸플레이스,커피빈 청구할인', '패스트푸드업종 20% 청구할인', '미용실 5% 청구할인', 'CU/GS25 5% 청구할인']"
NH농협 위 레아카드(포인트),"['포인트/캐시백', '바우처', '프리미엄']","['기본 적립 : 국내 1%, 해외 2%추가 적립 : 국내 특별 가맹점 2%보너스 포인트 적립(연 1회)', '프리미엄 바우처 서비스 연 1회 제공', '전세계 공항 라운지 무료 이용']"
NH농협 올바른지구카드,"['교통', '통신', '쇼핑', '레저', '화장품', '커피전문점', '편의점']","['버스/지하철/택시/철도 7% 청구할인공유모빌리티 7% 청구할인전기차 충전 7% 청구할인', '이동통신요금 5% 청구할인 (월1건)', '오픈마켓/배달앱 5% 청구할인', '스포츠 매장 5% 청구할인', 'H&B매장 5% 청구할인', '커피전문점 2,000원 청구할인', '편의점 1,000원 청구할인 ']"
KB국민 Easy Pick카드,"['연회비지원', '할인점/슈퍼마켓', '주유소', '쇼핑', '한식/일식/중식/양식', '문화', '편의점', '자동차서비스', '커피전문점', '교통', '통신']","['온라인신규신청 연회비 100% 캐시백홈페이지 내 신용카드 최초 발급 시', '할인점/슈퍼마켓 이용 시 5% 적립이마트, 롯데마트, 홈플러스 등', '이용 시 5% 적립주유소소 및 충전소(LPG) 업종', '홈쇼핑, 백화점, 소셜커머스 5%적립인터넷쇼핑몰 최대10%,마켓컬리 5%', '배달앱 이용 시 5% 적립', '온라인서점 이용 시 5% 적립교보문고, YES24 등', '편의점 업종 이용 시 5% 적립GS25, CU 등', '이용 시 5% 적립차량정비 및 차량 서비스업종', '스타벅스,커피빈 등 커피업종 5%적립제과,아이스크림 업종 5% 적립', '이용 시 5% 적립교통(버스, 지하철), 택시', '이동통신요금 5% 적립SKT, KT, LGU+ 등']"
원더카드 T  ,"['통신', '할인점/슈퍼마켓', '교통']","['SKT통신요금 20% 적립T멤버십 바코드 결제 20% 적립', '대형 마트 10% 하나머니 적립', '교통 10% 하나머니 적립']"
NH농협 올바른BAZIC 카드,"['언제나할인', '프리미엄']","['할인한도 없이 0.7~1.2% 할인', '국제공항 라운지 무료이용']"
LG U+ X LOCA,['통신'],['LG U+ 통신비 최대 2만원 할인']
알뜰교통 우리카드,"['교통', '생활서비스', '렌탈', '교육', '금융', '할인점/슈퍼마켓', '커피전문점', '통신', '결제대행(PG)', '레저']","['버스, 지하철 10% 청구할인', '공과금 자동납부 10% 청구할인', '렌탈비 자동납부 10% 청구할인', '학습지 자동납부 10% 청구할인', '보험료 자동납부 10% 청구할인', '대형할인점업종 최대 2천원 청구할인', '스타벅스 10% 청구할인', '통신비 자동납부 10% 청구할인', '페이코포인트 1% 적립', '주요 놀이공원 자유이용권50%현장할인']"
롤라카드,"['연회비지원', '주유소', '할인점/슈퍼마켓', '커피전문점', '레저', '한식/일식/중식/양식', '영화/공연', '편의점', '프리미엄', '쇼핑']","['신규회원 연회비 100% 캐시백이벤트롯데카드 온라인 신청 특별 혜택', 'SK주유소소 롤라머니 1% 적립', '롤라머니 7% 적립롯데 그룹사에서 롤라카드로 결제 시', '롤라머니 7% 적립롯데 그룹사에서 롤라카드로 결제 시', '롤라머니 7% 적립 받기!롯데 그룹사에서 롤라카드로 결제 시', '롤라머니 7% 적립롯데 그룹사에서 롤라카드로 결제 시', '롤라머니 7% 적립롯데 그룹사에서 롤라카드로 결제 시', '롤라머니 7% 적립롯데 그룹사에서 롤라카드로 결제 시', '롤라머니 7% 적립롯데 그룹사에서 롤라카드로 결제 시', ""롤라머니 7% 적립롯데 그룹사에서 롤라카드로 결제 시'롤라머니'란?""]"
롯데 국민행복카드,"['국민행복카드', '레저', '교통', '육아', '교육', '종합병원/일반병원/치과병원/한의원/약국/기타의료', '쇼핑', '할인점/슈퍼마켓', '편의점', '한식/일식/중식/양식', '커피전문점', '화장품', '영화/공연', '통신']","['임신·출산·육아 등 국가바우처 서비스임신·출산 진료비 100만원 지원청소년산모 임신·출산 종합병원/일반병원/치과병원/한의원/약국/기타의료비 지원보육료·유아학비 지원(아이행복카드)산모·신생아 건강관리 지원사업아이돌봄 지원사업', '롯데 국민행복카드로롯데월드 50% 현장할인서울랜드 30% 현장할인', '롯데 국민행복카드로택시·시내버스·지하철 10% 청구할인', '롯데 국민행복카드로키자니아 30% 청구할인유원지, 놀이시설 10% 청구할인출산육아 특별 서비스', '롯데 국민행복카드로보육료·유아학비 10% 청구할인학원, 학습지 10% 청구할인', '롯데 국민행복카드로병원·약국·산후조리원 5% 청구할인', '롯데 국민행복카드로쇼핑 5% 청구할인토이저러스 청구할인, 무이자할부 혜택롯데백화점 현장할인 혜택롯데면세점 현장할인 혜택롯데ON 현장할인 혜택', '롯데 국민행복카드로롯데마트 5% 청구할인 & 무이자할부롯데슈퍼 3% 청구할인 & 무이자할부롯데마트 우리아이M클럽 서비스', '롯데 국민행복카드로세븐일레븐 10% 현장할인', ""롯데 국민행복카드로T.G.I.FRiDAY'S 현장할인미스터피자 15% 현장할인롯데리아 1천원당 50원 현장할인"", '롯데 국민행복카드로엔제리너스, 나뚜루 현장할인보네스뻬브래드 10% 현장할인', '롯데 국민행복카드로박준화장품랩·박승철헤어스투디오 현장할인', '롯데 국민행복카드로롯데시네마 영화/공연 관람료 청구할인', '롯데 국민행복카드로이동통신요금 2천원 청구할인']"
롯데 포인트플러스 카드,"['포인트/캐시백', '할인점/슈퍼마켓', '쇼핑', '주유소', '한식/일식/중식/양식', '레저', '영화/공연', '화장품']","['더블포인트 적립 서비스L.POINT 모든 제휴사에서', '6개월 슬림 할부 서비스롯데마트· 롯데슈퍼 무이자할부 서비스', '6개월 슬림 할부 서비스롯데백화점 5% 현장할인롯데면세점 최대 10% 현장할인토이저러스 3개월 무이자 할부 서비스', 'SK주유소소 리터당 50포인트 적립', ""T.G.I. FRiDAY'S10% 현장할인미스터피자 15% 현장할인"", '롯데월드 50% 현장할인경주월드·대전오월드·광주패밀리랜드·통도환타지아 50% 현장할인서울랜드 30% 현장할인', '롯데시네마 영화/공연관람료 청구할인', '박준화장품랩 20% 현장할인박승철헤어스투디오 15% 현장할인']"
zgm.the pay카드,"['언제나할인', '결제대행(PG)']","['국내외 전 가맹점 1.0% 청구할인', '온라인 결제대행(PG) 최대 1.7%청구할인']"
KB국민 가온올림카드(실속형),"['연회비지원', '포인트/캐시백', '교통', '한식/일식/중식/양식', '커피전문점', '언제나할인', '레저', '영화/공연', '금융', '통신', '편의점', '주유소', '할인점/슈퍼마켓', '화장품', '교육']","['온라인신규신청 연회비 100% 캐시백홈페이지 내 신용카드 최초 발급 시', '기본+추가 최대 1.7% 포인트리적립해외이용금액 1.7%할인 캐시백', '최대 1.7% 포인트리 적립교통 (버스, 지하철), 택시', '최대 1.7% 포인트리 적립일반음식점,레스토랑,뷔페 등 한식/일식/중식/양식업종', '최대 1.7% 포인트리 적립스타벅스, 커피빈 등 커피전문점', '전월실적·적립한도없이 0.7% 적립국내 모든 가맹점 이용금액', '롯데월드, 에버랜드 50% 현장할인캐리비안베이 30% 현장할인', '1매당 3,500원 청구할인인터파크에서 영화/공연 예매 시', '최대1.2% 포인트리 적립KB손해보험, 삼성화재 등에서', '최대 1.2% 포인트리 적립SKT, KT , LG U+ 통신요금', '최대 1.2% 포인트리 적립CU,GS25,미니스톱 등 편의점에서', '최대1.2% 포인트리 적립SK, GS칼텍스 등 주유소가맹점에서', '최대1.2% 포인트리 적립이마트, 홈플러스 등 할인점/슈퍼마켓에서', '최대1.2% 포인트리 적립올리브영, 아리따움 등 화장품가맹점에서', '최대1.2% 포인트리 적립교육 가맹점에서']"
기업은행 마일앤조이카드,"['항공', '레저', '프리미엄', '교통']","['항공', '레저', '인천, 김포공항 발렛파킹 서비스 제공공항 라운지 무료 이용!인천공항 무료 교통 서비스인천공항 아메리카노 커피 무료제공', 'KTX, SRT 일반석 10% 할인']"
카드의정석 EVERY MILE SKYPASS,"['연회비지원', '항공', '프리미엄']","['온라인 신규 연회비 100% 캐시백', 'SKYPASS 최대 2마일 적립해외수수료 면제실적 산정 방법 안내마일리지 적립안내적립 제공 시 유의사항', '국내 공항라운지 무료이용 서비스']"
KT DC PLUS 롯데카드,['통신'],['KT 통신비 최대 1만3천원 할인']
교원 웰스 KB국민카드,"['렌탈', '한식/일식/중식/양식', '영화/공연', '레저']","['최대 2만원 청구할인교원 웰스 렌탈료 자동이체 시', '패밀리레스토랑 20% 할인', '인터파크 영화/공연 예매 3,500원 할인', '롯데월드,에버랜드 50% 현장할인캐리비안베이 30% 현장할인']"
현대카드 대한항공카드 070,"['항공', '프리미엄', '쇼핑', '자동차서비스', '커피전문점', '결제대행(PG)', '문화']","['웰컴보너스 5천 마일 적립1천원당 1마일, 최대 2마일 적립', '항공/면세 1천원당 2마일 적립MasterCard 플래티넘서비스인천공항 라운지 연 2회 무료 이용', '국내 면세점 1천원당 2마일 적립', '서울 및 대도시 주말 무료 주차', '커피전문점 스타벅스, 폴바셋, 이디야결제 건당 500원 할인', '단 한번의 클릭으로 온라인 결제 완료대한항공 결제대행(PG)/현대카드 앱카드', '슈퍼콘서트 20% 할인현대카드 라이브러리 무료 입장']"
삼성카드 taptap S,"['포인트/캐시백', '주유소', '영화/공연']","['모든 가맹점 1% 빅포인트 적립', '모든 주유소소·LPG충전소 2천원 할인', '모든 영화/공연관 5천원 결제일할인']"
CLUB Signature SKYPASS,"['프리미엄', 'Priority Pass', '항공']","['택1) 신라면세점 10만원 이용권택2) 호텔 한식/일식/중식/양식통합 12만원 이용권연 1회, 2가지 중 1가지 선택제공', '전세계 주요 라운지 무료입장!', '1,500원당 최대 2.0마일 적립']"
MY S-OIL 삼성카드,"['주유소', '포인트/캐시백', '커피전문점', '하이패스', '자동차서비스']","['S-OIL 10%  할인', 'S-OIL 포인트 적립 서비스', '스타벅스 DT 30% 결제일할인', '고속도로 통행료 10% 결제일할인', '주차장·대리운전 10% 할인']"
스타벅스 현대카드,"['커피전문점', '쇼핑', '포인트/캐시백', '결제대행(PG)', '교통', '문화', '화장품', '편의점', '한식/일식/중식/양식', '할인점/슈퍼마켓', '교육', '영화/공연', '통신', '종합병원/일반병원/치과병원/한의원/약국/기타의료', '프리미엄', '반려동물', '금융', '자동차서비스', '주유소', '렌탈', '육아', '레저']","['카페업종 이용 시 스타벅스 별 적립', '쇼핑업종 이용 시 스타벅스 별 적립', '누적 이용금액 기준 스타벅스 별 적립', '결제대행(PG) 이용 시 스타벅스 별 적립', '교통 이용 시 스타벅스 별 적립', '문화업종 이용 시 스타벅스 별 적립', '화장품업종 이용 시 스타벅스 별 적립', '편의점 이용 시 스타벅스 별 적립', '한식/일식/중식/양식업종 이용 시 스타벅스 별 적립', '할인점/슈퍼마켓 이용 시 스타벅스 별 적립', '교육업종 이용 시 스타벅스 별 적립', '영화/공연관 이용 시 스타벅스 별 적립', '통신업종 이용 시 스타벅스 별 적립', '종합병원/일반병원/치과병원/한의원/약국/기타의료업종 이용 시 스타벅스 별 적립', '프리미엄 이용 시 스타벅스 별 적립', '동물병원 이용 시 스타벅스 별 적립', '금융업종 이용 시 스타벅스 별 적립', '자동차서비스업종 이용 시 스타벅스 별 적립', '주유소소 이용 시 스타벅스 별 적립', '렌탈업종 이용 시 스타벅스 별 적립', '육아업종 이용 시 스타벅스 별 적립', '레저업종 이용 시 스타벅스 별 적립']"
IBK-Hybrid카드,"['체크카드겸용', '포인트/캐시백']","['한장으로 간편하게 하이브리드 서비스!마음대로 선택하는 신용+체크카드 기능', '전월실적 관계없이 신용0.6% 캐시백전월실적 관계없이 체크0.3% 캐시백']"
트레이더스 신세계 삼성카드,"['할인점/슈퍼마켓', '쇼핑', '통신', '커피전문점', '교육', '종합병원/일반병원/치과병원/한의원/약국/기타의료']","['트레이더스 최대 5% 결제일할인', '신세계백화점 5% 전자할인쿠폰 제공신세계백화점 무료주차권 제공신세계백화점 1천원당 2포인트 적립', '이동통신 5% 결제일할인', '커피전문점 5% 결제일할인', '학원·서점·학습지·인터넷강의 5%할인', '병원·약국 5% 결제일할인']"
L.CLASS L60 카드 (아시아나클럽형),"['항공', '바우처', '프리미엄', 'Priority Pass']","['1,000원당 1마일리지 적립', '스페셜기프트 연 1회 제공(아래 3개 중 1개 선택)', '롯데호텔, 롯데면세점, 골프프리미엄 서비스 제공', '국내외 공항라운지 무료이용(LoungeKey 서비스)공항 내 다양한 특별 혜택']"
olleh Super DC IBK카드,"['주유소', '한식/일식/중식/양식', '레저', '통신', '문화']","['전 주유소소 리터당 60원 할인', '아웃백/VIPS/TGIF 10%할인', '레저', 'KT 통신요금 청구 할인', '인터넷 예매시 1,500원 청구 할인']"
NH20 해봄카드,"['프리미엄', '레저', '쇼핑', '문화', '영화/공연', '통신', '커피전문점', '편의점', '교통', '주유소', '한식/일식/중식/양식']","['[여행해봄]인천 공항라운지 무료이용 서비스', '[놀이해봄]전국 놀이공원 최대 50% 현장할인', '온라인 쇼핑몰 10% 청구할인어플리케이션 2,000원 청구할인해외 전가맹점 이용금액 2% 청구할인', '온라인서점, 어학시험 10% 청구할인인터넷/모바일 교육콘텐츠 서비스 제공', 'CGV온라인예매 2,000원 청구할인', '이동통신 4,000원 청구할인', '스타벅스/이디야 커피 30% 청구할인', 'GS25 5% 청구할인GS리테일 POP 서비스', '교통 10% 청구할인', '주유소 5% 청구할인', '배달앱 10% 청구할인']"
LOCA LIKIT,"['연회비지원', '교통', '통신', '한식/일식/중식/양식', '커피전문점', '영화/공연']","['신규회원 연회비 100% 캐시백이벤트롯데카드 온라인신청 특별 혜택', 'LOCA LIKIT으로시내버스, 지하철 10% 결제일 할인', 'LOCA LIKIT으로이동통신 10% 결제일 할인', 'LOCA LIKIT으로배달앱 5% 결제일 할인', 'LOCA LIKIT으로스타벅스 최대 60% 할인', 'LOCA LIKIT으로롯데시네마·CGV 50% 결제일 할인']"